Temprature,Pressure,Humidity,Windspeed,Mintemp,Maxtemp,Visibility,Precipitation
4.4,769.4,54,5,-0.3,6.8,9.0,0.0
1.4,774.2,50,6,-0.6,5.6,30.0,0.0
5.0,770.2,63,1,5.0,11.3,25.0,0.0
2.3,772.5,37,3,-0.9,4.6,15.0,0.0
6.9,761.8,100,3,6.4,9.0,0.4,0.7
0.5,768.6,84,3,0.5,6.8,3.3,0.0
16.6,765.5,72,2,15.1,17.6,28.0,0.0
27.2,755.8,47,5,21.2,29.0,26.0,0.0
0.6,774.4,62,4,-0.8,5.4,12.0,0.0
26.8,755.0,67,5,22.9,28.2,30.0,9.0
22.9,762.3,71,2,17.9,24.9,16.0,0.0
0.8,770.8,63,2,-0.5,4.9,30.0,0.0
23.5,753.3,82,4,23.2,25.9,30.0,2.0
15.2,767.3,84,3,14.5,18.5,1.9,0.0
24.5,756.5,95,2,23.7,29.2,6.0,0.0
15.5,767.9,72,1,13.6,20.1,9.0,0.0
5.2,767.8,61,3,4.0,11.0,30.0,0.0
22.9,754.6,75,2,21.2,29.2,9.0,0.0
18.4,767.9,45,2,12.0,18.6,8.0,0.0
5.4,772.0,58,4,1.4,6.8,9.0,0.0
21.2,758.6,59,4,17.4,25.2,30.0,0.0
27.9,761.7,63,2,23.5,28.6,30.0,0.0
4.3,764.0,38,5,2.7,6.5,30.0,0.0
26.8,756.8,93,2,26.5,30.8,4.0,0.0
17.2,765.1,48,8,15.2,21.1,30.0,2.0
25.3,757.3,79,7,25.2,30.8,30.0,0.0
0.2,772.6,65,4,0.2,7.5,23.0,0.0
19.5,761.7,90,4,19.5,27.8,2.4,0.0
21.9,755.0,87,3,20.4,26.5,30.0,0.0
9.6,761.1,62,3,9.5,15.3,6.0,0.0
1.8,770.8,75,5,-1.4,2.6,11.0,0.0
25.9,751.6,79,8,23.2,28.0,27.0,6.0
24.4,755.8,96,2,23.7,29.2,4.4,0.0
3.4,763.6,93,3,0.7,6.0,17.0,0.0
9.8,763.7,98,3,9.2,15.4,13.0,0.0
27.1,754.9,93,3,26.1,30.7,5.0,0.0
28.5,750.5,83,2,27.4,30.9,17.0,0.0
26.6,751.5,74,4,21.3,28.4,30.0,0.0
-0.4,771.1,74,1,-3.2,1.6,17.0,0.0
7.1,761.5,79,5,3.3,7.4,26.0,0.0
26.4,761.0,80,2,19.9,30.4,10.0,0.1
21.8,762.9,65,1,19.8,26.6,30.0,0.0
16.2,759.9,70,4,15.7,24.0,25.0,0.0
25.8,757.1,87,2,21.9,31.4,20.0,0.0
13.9,766.9,61,8,13.9,16.8,24.0,0.0
2.9,766.3,90,3,0.0,4.9,1.5,0.0
25.5,755.3,91,2,23.8,27.6,22.0,0.0
23.0,754.1,76,4,22.5,32.4,10.0,0.0
11.6,757.1,96,4,6.6,17.7,19.0,0.0
17.7,763.5,46,3,12.7,23.9,30.0,0.0
4.5,769.7,34,2,1.8,6.1,14.0,0.0
26.7,751.0,95,4,26.6,30.0,5.0,3.0
8.9,772.3,58,9,8.6,19.3,19.0,0.7
25.8,760.8,80,2,24.5,30.1,30.0,0.0
15.8,766.3,78,3,14.5,18.6,4.5,0.0
17.8,769.3,64,3,14.2,19.0,20.0,0.0
28.5,760.2,69,3,24.5,29.1,30.0,0.0
14.1,766.3,83,3,10.2,17.1,4.7,0.0
11.8,764.6,78,4,9.0,14.3,23.0,0.0
18.6,756.1,95,3,17.6,22.1,13.0,0.0
10.7,763.6,97,4,9.9,14.5,17.0,0.0
8.6,764.5,92,6,8.6,13.7,5.0,2.0
20.2,760.3,82,4,18.1,27.3,12.0,0.0
12.6,773.3,47,2,7.9,15.9,18.0,0.0
15.8,757.6,76,3,15.8,24.5,27.0,0.0
-0.5,774.2,66,6,-0.6,6.8,19.0,0.0
-1.2,775.1,60,4,-2.0,1.1,30.0,0.0
21.7,768.0,34,4,13.5,21.8,24.0,0.0
29.4,755.7,69,3,24.2,32.8,21.0,0.0
17.0,768.4,63,2,12.9,22.0,6.0,0.0
-7.5,780.4,66,9,-8.5,-4.8,30.0,0.8
20.5,751.7,94,4,19.5,22.9,12.0,0.0
5.6,769.3,29,4,1.4,7.3,28.0,0.0
21.1,763.6,37,2,15.1,21.9,15.0,0.0
17.8,756.7,60,1,16.2,24.5,30.0,0.0
24.8,756.2,88,1,23.9,30.3,17.0,0.0
19.3,762.7,77,4,14.9,19.8,30.0,0.5
25.5,755.3,84,4,23.8,27.6,30.0,0.0
12.0,758.5,95,5,12.0,17.8,9.0,0.0
3.2,772.1,49,8,1.6,5.1,22.0,0.0
-1.4,776.0,58,5,-3.4,5.1,22.0,0.0
6.2,769.0,42,4,2.1,6.3,6.0,0.0
18.6,764.3,41,8,15.8,23.3,30.0,0.0
1.7,773.8,55,2,-2.7,2.3,18.0,0.0
8.4,761.9,67,2,8.4,15.3,4.6,0.0
25.8,758.9,55,3,20.0,25.9,30.0,0.0
10.2,768.8,63,2,8.9,13.4,9.0,0.0
12.8,759.1,86,3,12.4,17.5,30.0,0.0
25.1,757.2,84,3,22.6,29.3,26.0,0.0
2.6,770.7,67,2,-0.1,4.9,21.0,0.0
16.5,761.2,98,3,14.9,18.9,0.8,0.0
16.3,766.3,47,7,15.8,20.8,30.0,0.0
8.0,759.8,65,3,7.1,18.2,16.0,0.0
-1.8,777.2,66,6,-1.8,2.4,27.0,0.0
7.6,764.7,34,4,3.9,7.8,10.0,0.0
14.7,768.6,82,1,12.6,20.6,6.0,0.0
4.1,765.6,62,5,0.6,6.0,30.0,0.0
24.3,753.8,78,3,20.4,24.6,25.0,0.0
12.7,774.4,40,4,7.9,14.0,14.0,0.0
24.0,751.8,81,6,23.2,25.9,30.0,6.0
22.2,762.4,62,4,18.8,24.5,30.0,0.0
22.6,754.3,79,3,22.2,32.4,7.0,0.0
25.2,748.9,75,2,20.7,32.6,11.0,0.0
17.0,758.4,95,4,15.9,18.8,7.0,0.1
2.5,771.3,58,2,-3.1,2.8,16.0,0.0
15.8,761.9,48,1,13.8,24.0,30.0,0.0
28.7,754.3,93,2,27.9,32.2,6.0,0.0
31.9,751.2,64,4,26.5,32.4,13.0,0.0
16.9,762.4,81,8,16.9,25.5,30.0,2.0
24.1,764.1,65,1,19.5,26.6,29.0,0.0
1.9,774.2,45,4,-0.8,4.6,11.0,0.0
19.8,756.4,82,4,17.4,21.4,25.0,0.0
1.7,770.4,69,4,0.4,3.8,6.0,0.0
24.1,761.5,78,5,20.3,25.2,30.0,0.0
-0.1,769.5,88,2,-0.3,6.8,2.2,0.0
14.4,761.6,38,2,6.9,16.1,23.0,0.0
28.9,753.2,78,1,25.0,30.4,30.0,2.0
25.3,758.6,45,3,19.2,26.9,28.0,0.0
-2.8,774.1,77,3,-4.6,2.0,11.0,0.0
22.5,758.0,33,4,15.1,22.5,13.0,1.0
1.6,773.5,44,10,1.6,7.8,30.0,0.0
18.9,758.4,56,6,11.7,22.8,24.0,0.0
25.5,751.9,98,4,25.0,27.4,8.0,0.0
12.5,759.7,52,3,12.3,18.0,30.0,0.0
-4.1,769.9,91,7,-4.2,-2.0,7.0,2.0
9.0,773.2,56,5,9.0,16.9,30.0,0.0
27.3,755.1,88,2,25.6,31.7,4.6,0.0
-0.5,773.7,70,4,-4.6,2.0,9.0,0.0
8.4,766.5,58,3,6.8,18.7,28.0,0.0
28.1,758.2,85,2,26.7,31.7,19.0,0.0
15.6,760.0,92,3,15.5,19.5,25.0,0.0
26.5,755.3,47,5,20.7,26.7,24.0,0.0
22.4,752.3,92,3,20.2,25.5,27.0,0.0
26.6,761.1,93,2,26.0,31.0,12.0,0.0
13.6,772.1,66,2,10.3,16.8,30.0,0.0
10.2,772.5,40,3,9.8,16.3,30.0,0.0
6.4,766.1,67,4,4.7,12.2,15.0,0.0
27.6,756.1,79,3,26.5,30.0,7.0,0.0
1.2,770.7,54,1,0.4,6.7,29.0,0.0
6.2,766.9,55,3,0.5,6.3,4.1,0.0
3.7,766.3,64,5,3.7,13.7,30.0,4.0
-0.5,773.8,48,4,-1.7,4.9,23.0,0.0
1.5,772.4,74,2,-2.2,5.0,15.0,0.0
27.0,760.5,81,1,25.1,29.3,28.0,0.0
6.2,765.4,72,3,1.0,8.3,3.5,0.0
9.4,765.3,67,2,6.8,15.7,24.0,0.0
21.5,760.5,42,3,17.1,26.9,30.0,0.0
24.5,754.0,70,3,22.1,32.4,9.0,0.0
13.0,758.2,81,3,13.0,17.9,30.0,0.0
23.3,761.8,57,3,17.0,23.5,2.4,0.1
9.5,767.3,62,3,9.0,15.0,22.0,0.0
3.8,773.8,64,1,-0.3,3.8,18.0,0.0
27.7,752.8,92,4,26.4,30.7,11.0,0.0
27.1,755.5,84,4,27.1,29.8,27.0,0.7
26.3,756.5,91,3,26.3,30.0,3.6,0.0
13.8,760.9,84,4,13.8,22.1,30.0,0.0
1.1,767.9,65,1,1.1,8.7,21.0,0.0
18.2,762.7,96,2,18.0,21.9,5.0,0.0
27.5,755.6,93,2,24.3,29.3,12.0,0.0
-4.3,775.4,68,8,-5.2,-2.0,30.0,0.0
29.6,755.6,75,4,25.2,31.9,13.0,0.0
30.4,757.3,74,2,26.8,31.6,6.0,0.0
18.2,762.4,81,3,15.2,24.9,17.0,0.0
26.8,757.4,58,2,20.5,29.6,30.0,0.0
26.0,760.2,56,3,19.7,27.8,18.0,0.0
12.8,772.9,49,3,6.7,13.1,30.0,0.0
19.8,758.4,79,5,19.8,26.8,25.0,1.0
19.0,753.3,99,3,19.0,24.8,0.1,0.0
11.3,766.8,72,3,10.5,18.0,13.0,0.0
24.0,756.4,47,3,16.2,24.0,21.0,0.0
25.4,749.2,89,4,22.8,26.3,30.0,5.0
3.7,774.4,34,8,-1.8,5.1,30.0,0.0
10.4,773.3,52,9,8.6,19.3,24.0,0.1
18.9,763.0,92,3,18.0,21.9,11.0,0.0
6.2,764.0,47,5,5.4,7.8,24.0,0.2
18.4,766.3,54,9,16.3,20.9,30.0,0.0
24.4,760.3,59,5,23.7,27.7,30.0,0.0
5.6,770.6,39,3,0.9,7.6,28.0,0.0
23.8,762.7,86,3,22.1,26.7,22.0,0.0
12.9,764.4,72,3,9.3,17.9,6.0,0.0
9.5,755.0,78,5,6.8,9.9,9.0,0.0
6.5,768.0,39,2,3.2,12.0,29.0,0.0
11.0,771.6,55,2,6.7,13.1,30.0,0.0
5.3,771.5,61,4,2.6,7.0,16.0,0.0
4.8,766.3,96,4,2.9,6.5,21.0,0.0
-6.1,774.0,65,6,-6.2,-2.2,30.0,0.0
0.6,775.4,53,6,0.5,6.8,30.0,0.0
7.0,769.0,73,4,3.2,10.9,17.0,0.0
3.6,767.2,41,3,0.5,4.6,11.0,0.0
4.6,764.4,91,4,4.0,10.9,30.0,0.0
27.1,758.0,88,0,26.8,30.5,7.0,0.0
13.9,761.2,84,2,13.0,18.5,7.0,0.0
30.8,753.4,69,3,25.6,30.8,9.0,0.0
26.8,760.9,55,5,21.7,30.8,30.0,0.0
27.3,761.8,54,2,20.8,29.9,27.0,0.0
17.4,765.9,67,4,13.2,19.9,6.0,0.0
29.4,753.0,78,3,25.1,31.5,30.0,0.0
29.4,756.1,70,3,25.2,30.6,16.0,0.0
0.7,775.0,49,5,0.6,5.1,30.0,0.0
16.9,757.6,88,4,16.9,21.0,30.0,0.0
11.9,766.4,76,6,11.9,20.9,21.0,3.0
-0.9,774.7,59,7,-2.0,2.4,30.0,0.0
17.8,768.2,56,1,14.5,22.5,30.0,0.0
3.6,773.9,39,6,-1.8,4.3,30.0,0.0
-3.5,773.0,79,3,-4.6,2.0,9.0,0.0
16.0,767.2,59,5,16.0,20.9,29.0,0.0
24.7,756.3,69,3,22.9,28.1,30.0,0.0
-1.6,773.2,70,3,-2.8,3.6,9.0,0.0
3.1,770.8,83,3,0.9,5.8,30.0,0.0
24.5,757.1,88,3,21.9,31.4,10.0,0.0
-1.2,772.7,32,0,-3.2,1.2,30.0,0.0
18.0,758.2,82,13,18.0,29.7,21.0,5.0
25.3,750.3,88,5,22.3,27.1,28.0,60.0
1.8,770.8,35,2,-2.1,5.5,21.0,0.0
-7.5,780.1,78,7,-7.5,-1.8,19.0,0.0
15.2,767.2,84,1,14.5,18.6,2.5,0.0
26.5,753.4,89,1,25.0,31.3,17.0,0.0
20.0,757.9,84,9,20.0,29.7,30.0,5.0
12.6,766.3,22,4,6.5,13.1,30.0,0.0
-2.6,774.1,60,9,-5.2,-2.0,30.0,0.0
31.9,754.6,76,3,27.9,32.2,12.0,0.0
27.3,756.3,82,2,25.2,27.6,22.0,0.0
9.9,764.0,43,3,3.8,13.8,25.0,0.0
21.0,760.6,80,4,16.5,21.6,9.0,8.0
17.3,762.1,84,11,17.3,25.5,16.0,2.0
-6.0,774.9,70,8,-6.2,-2.2,30.0,0.0
0.4,771.4,97,7,-1.4,2.2,2.4,0.2
20.6,755.2,95,3,20.6,26.9,9.0,0.0
28.0,752.8,83,3,23.1,29.3,5.0,0.0
3.6,770.3,38,2,1.8,6.1,13.0,0.0
12.4,758.2,91,2,12.4,17.8,22.0,0.0
9.6,767.1,30,7,6.3,10.3,21.0,0.0
28.5,757.0,90,2,27.6,31.3,5.0,0.0
11.8,771.9,33,5,7.8,15.7,30.0,0.0
15.1,768.1,78,1,13.6,20.4,3.2,0.0
14.2,756.4,99,5,11.4,14.3,8.0,16.0
9.7,769.9,21,5,4.0,13.1,30.0,0.0
20.0,760.3,84,2,18.2,25.4,22.0,0.0
4.1,771.7,45,3,1.8,5.6,12.0,0.0
6.1,773.5,52,3,6.1,12.2,30.0,0.0
20.8,767.5,72,2,16.0,21.9,6.0,0.0
26.3,751.8,94,3,26.2,30.9,6.0,0.9
16.8,763.0,79,2,14.2,20.0,9.0,0.0
8.9,764.5,43,1,3.8,13.8,23.0,0.0
-1.4,772.0,87,5,-1.4,4.6,7.0,0.0
2.2,774.9,60,2,-1.1,5.4,9.0,0.0
-0.3,775.3,48,5,-0.6,5.1,30.0,0.0
27.3,756.7,88,2,26.0,31.6,7.0,0.0
4.1,768.1,68,3,3.6,9.1,6.0,0.0
27.1,757.0,88,1,26.7,31.7,18.0,0.0
24.7,757.7,72,1,20.5,29.6,19.0,0.0
21.9,760.6,83,2,17.9,25.4,30.0,0.0
21.0,761.0,89,2,20.7,26.1,30.0,0.0
-1.4,773.1,89,7,-1.4,0.5,8.0,0.3
22.6,753.7,89,3,20.2,25.5,30.0,0.0
26.3,761.8,61,3,19.9,27.3,18.0,0.0
27.9,751.9,84,5,26.9,30.0,24.0,1.0
15.4,759.9,98,4,15.1,17.2,5.0,0.0
1.8,769.2,68,1,1.4,7.3,14.0,0.0
24.3,753.0,98,3,24.0,29.5,2.0,2.0
8.2,769.1,28,6,7.5,11.5,24.0,0.0
10.1,767.0,81,6,10.1,14.1,17.0,0.0
11.4,770.6,49,5,11.4,16.6,30.0,0.0
9.3,764.2,56,3,3.3,10.0,7.0,0.0
25.5,750.0,88,3,22.9,27.3,30.0,61.0
29.3,755.4,92,3,27.9,32.2,10.0,0.0
28.8,760.6,86,2,26.5,31.0,18.0,0.0
30.9,757.9,76,3,27.2,31.1,15.0,0.0
8.9,772.6,47,3,7.8,15.7,30.0,0.0
2.2,772.1,63,5,2.0,7.6,8.0,0.0
9.8,767.6,65,3,5.9,12.2,10.0,0.0
8.1,771.3,37,2,-1.7,8.1,9.0,0.0
16.3,760.3,39,3,10.3,18.6,30.0,0.0
20.1,753.6,87,5,16.1,20.4,7.0,24.0
-0.9,774.9,56,6,-5.0,-0.8,29.0,0.0
24.1,750.7,88,4,22.1,25.5,4.6,0.0
21.0,762.0,81,5,18.0,21.6,22.0,0.0
25.5,754.9,65,4,18.5,29.5,9.0,0.0
-4.5,775.7,69,7,-5.1,-2.0,29.0,0.0
14.1,768.6,81,1,13.6,20.4,2.7,0.0
14.9,766.1,88,3,14.1,18.5,1.7,0.0
24.3,758.1,79,5,24.3,30.1,27.0,2.0
21.5,752.2,96,2,20.8,28.4,10.0,0.0
25.0,755.8,70,2,20.7,26.5,19.0,0.0
27.0,760.2,93,3,25.7,31.0,15.0,0.0
26.7,748.1,93,4,26.4,30.9,11.0,0.0
14.4,767.8,66,4,14.3,20.9,26.0,0.0
24.0,754.6,69,3,22.1,32.4,11.0,0.0
-0.7,773.3,53,2,-2.3,4.6,14.0,0.0
18.3,758.4,79,2,17.4,21.9,30.0,0.0
27.9,752.4,55,2,22.7,31.2,7.0,0.0
30.4,753.7,83,4,26.4,30.7,7.0,0.0
7.1,770.4,48,5,2.6,7.2,23.0,0.0
16.6,766.2,62,2,10.2,16.6,15.0,2.0
24.4,757.0,64,2,19.6,27.6,30.0,0.0
22.9,755.1,86,1,22.3,27.2,7.0,0.0
20.4,759.5,83,2,20.0,24.6,30.0,0.0
26.5,753.4,83,3,24.8,31.7,30.0,9.0
25.7,761.8,83,2,24.5,30.1,22.0,0.0
16.7,759.6,92,11,16.7,21.0,10.0,8.0
21.7,767.2,51,3,16.5,22.8,30.0,0.0
25.2,763.2,60,3,19.5,25.7,30.0,0.0
-0.2,776.5,58,4,-2.7,2.4,17.0,0.0
10.8,752.7,97,3,6.8,17.9,4.3,0.0
16.1,765.3,67,6,15.7,23.3,30.0,0.0
6.4,761.0,99,1,5.1,8.8,4.8,3.0
26.3,758.9,59,4,18.1,27.3,30.0,0.0
2.5,773.2,33,4,-2.0,3.2,23.0,0.0
-0.8,770.3,58,6,-0.8,4.6,25.0,0.0
3.1,773.5,44,5,-0.6,6.8,25.0,0.0
20.8,756.1,89,1,20.0,26.4,24.0,0.0
22.5,754.4,88,1,22.5,25.9,14.0,0.0
3.3,771.9,60,7,2.1,7.6,9.0,0.0
5.0,767.4,58,3,3.6,9.1,7.0,0.0
1.5,770.7,70,2,-3.1,2.8,14.0,0.0
12.7,760.7,55,3,12.7,22.8,19.0,0.0
14.9,766.5,21,2,6.8,18.7,30.0,0.0
0.7,773.9,44,2,-2.5,4.6,27.0,0.0
13.6,759.7,100,6,10.8,14.3,16.0,0.2
19.8,766.8,62,3,13.6,20.1,11.0,0.0
25.0,759.6,58,2,20.7,30.0,18.0,0.0
16.3,764.3,58,2,10.9,19.2,11.0,0.0
21.9,764.1,29,4,13.4,25.3,23.0,0.0
22.7,757.7,72,5,22.1,27.1,25.0,16.0
7.5,759.8,94,3,6.2,13.1,21.0,0.0
2.6,769.7,52,3,-3.0,3.4,14.0,0.0
1.6,772.0,45,4,-0.9,4.6,16.0,0.0
0.6,771.2,78,1,-1.7,7.7,2.7,0.0
5.2,768.1,58,2,-0.1,6.9,22.0,0.0
29.0,755.2,72,2,24.3,31.3,30.0,14.0
7.7,759.0,100,4,4.3,7.7,2.2,0.0
20.9,756.2,93,1,20.8,26.5,7.0,0.0
23.0,751.2,95,3,20.0,28.9,4.5,0.0
27.5,750.9,97,3,27.3,30.7,2.4,0.0
8.6,765.3,58,4,3.6,8.9,3.3,0.0
17.9,756.8,53,1,16.2,24.5,30.0,0.0
27.3,752.2,97,2,26.6,30.7,5.0,0.0
-2.3,773.4,72,6,-2.3,4.6,26.0,0.0
29.6,754.3,82,3,26.1,30.7,8.0,0.0
28.1,755.3,82,2,25.1,29.3,16.0,0.0
14.3,762.1,78,3,14.3,22.1,30.0,0.0
29.7,756.0,82,4,26.1,30.0,8.0,0.0
-8.2,780.1,68,5,-8.9,-6.0,30.0,0.0
23.6,751.6,96,5,23.6,30.0,4.7,32.0
24.0,763.0,83,4,22.1,26.7,26.0,0.0
-2.3,775.8,56,3,-2.5,0.9,22.0,0.0
25.9,754.3,92,3,25.0,31.5,9.0,2.0
20.2,756.7,95,1,20.2,26.5,5.0,0.0
16.8,764.4,73,3,15.7,17.6,30.0,0.0
2.5,766.9,39,7,2.5,13.7,30.0,1.0
4.0,769.7,40,5,0.4,6.7,30.0,0.0
17.5,768.1,71,2,13.6,20.4,5.0,0.0
1.2,764.6,88,1,1.2,8.3,1.8,0.0
18.1,762.7,89,2,16.5,21.9,6.0,0.0
-2.8,768.9,96,8,-3.5,1.0,4.1,7.0
2.9,764.0,23,7,-1.0,4.4,30.0,0.0
14.3,767.8,84,2,14.2,20.1,3.1,0.0
31.0,754.8,73,1,25.1,31.0,20.0,0.0
12.0,765.0,73,7,12.0,16.9,24.0,0.0
24.6,759.7,77,2,23.5,29.1,30.0,0.0
16.6,756.9,66,1,16.2,24.5,30.0,0.0
26.4,754.0,95,1,24.7,27.4,6.0,2.0
1.8,770.2,40,1,-1.5,5.5,19.0,0.0
21.2,753.4,92,3,19.0,23.9,11.0,0.3
12.9,762.4,100,2,9.7,13.0,23.0,0.0
20.0,753.1,98,4,19.0,22.5,3.6,0.0
12.9,755.9,100,3,11.4,14.3,4.8,16.0
26.2,750.8,78,3,22.8,30.7,25.0,4.0
22.0,756.5,45,4,16.2,24.5,30.0,0.0
17.3,765.7,69,3,15.1,17.9,22.0,0.0
29.0,753.4,84,3,28.0,33.1,24.0,0.0
21.4,757.9,77,4,17.6,22.1,30.0,0.0
3.0,764.4,37,3,-1.0,3.6,30.0,0.0
16.5,757.3,97,4,15.9,18.8,0.8,0.0
25.3,755.3,73,3,23.8,27.6,30.0,0.0
20.5,760.2,83,3,20.5,27.7,20.0,0.0
-2.4,775.1,61,5,-6.2,0.5,27.0,0.0
26.5,761.1,62,2,20.8,28.6,27.0,0.0
11.2,768.1,46,3,9.3,18.0,23.0,0.0
5.9,767.2,100,2,3.0,5.9,17.0,6.0
14.1,764.3,67,5,13.8,23.2,21.0,0.0
10.7,764.8,73,7,10.7,16.9,26.0,0.0
20.4,756.9,97,3,20.2,27.6,3.4,0.0
7.0,767.5,35,4,0.9,7.5,18.0,0.0
17.0,755.2,96,3,16.0,18.8,3.5,0.0
27.6,756.8,65,3,22.6,28.0,11.0,0.0
23.7,754.6,86,3,22.3,27.2,7.0,0.0
24.7,765.1,58,3,17.3,24.9,4.2,0.0
0.7,773.1,31,7,-3.2,4.7,30.0,0.0
0.8,774.8,61,2,-4.0,3.1,30.0,0.0
20.4,763.3,84,3,18.0,22.2,24.0,0.0
25.7,751.1,94,2,24.3,31.0,3.5,0.0
25.3,751.0,86,3,21.1,26.2,1.6,0.0
26.4,761.8,85,2,19.9,30.4,17.0,1.0
6.2,760.7,92,6,3.3,7.6,20.0,0.0
23.8,756.1,79,4,20.6,26.9,27.0,0.0
26.5,759.0,38,3,19.8,28.4,30.0,0.0
7.7,758.5,100,1,6.8,9.0,0.2,0.6
26.6,753.5,95,4,25.5,27.4,3.0,0.0
24.6,756.4,92,2,23.7,29.2,18.0,0.0
6.0,762.3,94,2,5.4,8.8,6.0,3.0
14.4,756.8,30,4,7.0,18.2,30.0,0.0
21.2,754.8,77,3,18.9,29.5,11.0,0.0
-1.0,777.6,64,4,-1.8,2.4,30.0,0.0
2.4,773.3,50,3,-2.4,4.9,14.0,0.0
22.7,752.0,98,2,22.1,28.0,3.9,20.0
12.8,773.8,59,1,9.7,15.9,12.0,0.0
1.9,769.0,49,2,-0.1,4.9,12.0,0.0
21.4,757.0,76,2,17.6,22.1,30.0,0.0
17.7,762.7,70,3,16.3,22.5,4.6,0.3
18.2,769.2,59,2,13.6,19.2,4.8,0.0
25.1,757.5,26,5,15.8,26.8,30.0,0.0
18.0,765.7,69,3,15.9,21.4,7.0,0.0
15.5,763.0,88,2,14.8,17.1,6.0,0.7
1.1,768.2,39,6,1.0,13.7,30.0,0.0
26.3,750.7,69,1,23.5,29.8,15.0,3.0
26.5,758.0,90,2,24.7,28.5,23.0,0.0
14.1,758.0,29,2,8.9,18.1,18.0,0.0
21.8,761.2,46,4,15.5,24.0,24.0,0.0
27.4,759.2,44,6,23.7,29.9,30.0,0.0
4.9,763.2,68,3,-1.3,9.8,8.0,0.0
11.0,763.0,97,4,9.9,14.5,19.0,0.0
4.2,773.7,34,3,-2.5,4.2,25.0,0.0
22.0,768.3,46,3,14.5,22.5,30.0,0.0
23.2,752.4,96,2,21.1,26.2,1.2,0.0
22.2,752.7,89,4,19.5,22.9,17.0,0.0
30.9,754.6,82,3,27.9,32.2,9.0,0.0
2.3,773.3,40,2,-0.5,7.2,30.0,0.0
10.9,763.1,29,4,3.8,11.0,28.0,0.0
14.2,757.8,65,4,11.0,15.3,7.0,0.0
27.8,756.8,94,2,27.0,33.7,3.1,0.0
3.4,770.5,82,6,2.0,4.7,8.0,0.0
19.6,768.4,47,3,13.6,20.4,5.0,0.0
3.4,765.5,100,6,3.3,11.9,5.0,7.0
31.5,754.6,81,4,28.0,32.2,7.0,0.0
26.7,753.4,86,1,25.0,31.3,17.0,0.0
28.3,754.3,84,2,25.8,30.4,30.0,0.0
5.9,772.3,73,3,1.8,6.2,5.0,0.0
7.5,774.1,62,8,7.5,16.7,28.0,0.0
5.1,770.9,75,4,2.7,6.2,13.0,0.0
19.0,769.8,41,3,13.5,20.6,17.0,0.0
14.4,756.4,66,3,11.7,18.3,30.0,0.0
7.8,762.9,68,5,4.2,10.9,30.0,0.0
-1.6,775.4,44,5,-1.6,5.2,30.0,0.0
0.4,769.6,53,6,0.4,4.6,15.0,0.0
-2.9,773.3,74,6,-3.0,2.0,12.0,0.0
3.4,772.6,37,6,-0.5,10.9,30.0,0.0
19.4,757.9,36,3,13.8,23.3,28.0,0.0
6.9,769.9,59,3,-1.7,11.2,3.9,0.0
16.5,763.3,84,1,14.2,20.0,16.0,0.0
19.7,762.1,50,2,13.2,19.7,11.0,0.0
-3.5,769.7,90,6,-4.7,-2.3,9.0,0.9
26.9,755.3,92,1,26.9,31.0,11.0,0.0
26.1,751.9,82,4,22.9,26.6,5.0,0.0
25.9,762.4,77,4,22.1,26.7,24.0,0.0
-8.9,780.5,70,6,-8.9,-6.0,30.0,0.6
16.8,759.2,92,3,16.8,20.4,21.0,0.0
2.7,768.1,65,2,0.9,4.0,3.1,0.0
23.0,759.6,64,6,18.1,24.7,27.0,0.0
3.3,768.7,72,10,3.3,18.3,14.0,0.0
10.3,762.7,100,3,9.9,13.9,0.1,0.0
9.9,769.0,63,8,9.9,20.9,19.0,2.0
17.2,758.8,71,2,13.8,23.3,11.0,0.0
26.3,756.3,79,2,23.9,30.3,28.0,0.0
22.2,760.9,27,5,13.2,22.3,30.0,0.0
22.0,743.2,97,4,21.2,26.9,2.9,71.0
8.2,758.3,100,6,6.6,9.8,0.2,0.0
12.7,765.7,95,3,10.4,17.1,1.7,0.1
15.4,767.8,70,1,12.0,19.1,6.0,0.0
2.4,770.8,40,2,0.4,6.7,30.0,0.0
7.7,773.2,48,2,5.0,11.7,16.0,0.0
4.6,771.5,33,3,4.6,13.1,30.0,0.0
1.2,775.4,54,6,-0.6,6.8,17.0,0.0
6.6,767.9,29,2,1.4,8.3,22.0,0.0
2.5,765.9,37,2,0.8,6.0,30.0,0.0
13.3,766.3,61,3,10.7,13.7,26.0,0.0
3.1,771.2,28,2,-2.5,5.5,24.0,0.0
28.6,755.7,80,3,27.0,31.1,23.0,0.0
15.7,764.2,62,4,15.7,22.1,30.0,0.0
-3.2,774.8,57,8,-6.2,-2.2,25.0,0.0
8.3,764.9,83,3,6.6,10.1,6.0,0.0
28.1,753.8,95,2,26.2,30.8,5.0,0.0
6.3,764.3,79,2,3.3,10.5,6.0,0.0
11.2,764.8,49,4,6.8,17.5,30.0,0.0
2.5,771.3,59,4,0.9,7.6,14.0,0.0
4.8,770.6,60,4,2.1,7.0,5.0,0.0
19.1,766.9,32,8,12.8,21.1,30.0,4.0
25.4,751.3,99,3,25.1,28.3,0.6,0.0
5.3,763.6,34,6,2.7,6.5,27.0,0.0
22.3,757.2,84,3,20.0,26.4,30.0,0.0
7.1,766.1,66,4,7.1,18.7,30.0,0.0
16.3,763.6,94,3,15.3,21.0,8.0,0.0
14.1,764.4,73,4,9.3,17.9,5.0,0.0
27.7,751.6,93,3,26.4,30.3,12.0,0.0
18.3,759.0,79,6,18.3,26.0,30.0,0.0
3.5,767.1,83,3,-0.1,4.9,1.8,0.0
24.9,752.2,94,3,24.4,29.5,6.0,0.0
25.6,753.5,93,2,25.1,31.5,11.0,2.0
27.2,760.9,53,3,19.3,27.4,9.0,0.0
6.4,768.8,90,3,3.5,7.7,16.0,0.0
30.1,747.9,83,4,26.3,30.9,7.0,0.0
29.6,759.6,76,4,25.7,31.0,25.0,0.0
3.7,773.2,36,3,-2.4,3.8,12.0,0.0
18.5,765.1,71,3,15.9,21.4,15.0,0.0
17.9,767.1,68,1,15.6,20.1,15.0,0.0
3.1,770.9,72,5,1.6,3.8,4.9,0.0
22.3,751.9,85,4,21.2,24.6,20.0,3.0
24.0,751.9,90,2,22.1,27.0,22.0,15.0
2.9,769.6,60,2,1.4,8.3,9.0,0.0
20.7,764.4,71,3,19.7,23.0,15.0,0.0
0.2,775.2,54,5,-4.7,1.0,24.0,0.0
22.9,763.9,78,3,19.5,25.7,30.0,0.0
6.4,760.1,70,3,6.2,19.8,24.0,0.0
12.6,759.4,82,3,11.3,17.0,28.0,0.0
15.2,767.2,42,3,7.7,15.4,7.0,0.0
28.8,756.6,89,2,27.0,33.7,3.8,0.0
11.6,763.3,57,1,8.1,15.0,30.0,0.0
12.2,761.9,60,3,6.9,16.1,21.0,0.0
17.7,756.4,20,3,8.9,18.1,22.0,0.0
0.3,775.0,49,5,0.1,5.6,30.0,0.0
15.5,762.5,59,2,9.9,18.3,30.0,0.0
26.0,752.8,97,3,25.3,27.4,7.0,0.0
21.0,753.4,96,2,20.2,22.6,6.0,1.0
-1.8,771.1,72,1,-3.3,1.6,16.0,0.0
25.6,751.0,81,8,23.0,29.5,30.0,15.0
10.6,760.1,67,9,10.6,22.8,30.0,0.0
28.3,757.5,83,1,26.8,30.5,14.0,0.0
3.8,771.8,56,2,-1.1,5.3,29.0,0.0
23.7,752.8,88,8,22.9,30.0,14.0,40.0
20.4,762.8,80,3,16.9,24.9,12.0,0.0
23.9,750.2,75,2,20.0,25.2,9.0,0.8
27.9,751.9,90,4,26.4,30.3,16.0,0.0
25.7,751.0,98,3,23.6,28.3,4.3,0.0
13.4,767.8,51,4,7.7,15.7,6.0,0.0
26.2,752.2,97,4,24.8,27.4,6.0,0.0
12.8,760.9,53,4,10.6,18.6,27.0,0.0
20.6,765.3,23,6,12.8,21.1,30.0,4.0
25.7,760.4,81,2,24.5,30.1,23.0,0.0
0.5,773.7,44,4,-3.3,1.9,30.0,0.0
12.4,758.8,88,6,12.4,17.5,8.0,0.0
7.7,767.6,54,3,3.2,14.7,27.0,0.0
2.8,764.2,45,4,0.8,4.4,30.0,0.0
2.8,770.3,65,2,1.3,8.3,15.0,0.0
26.3,754.6,74,3,23.8,27.6,30.0,0.0
4.3,768.7,81,5,0.4,4.8,4.0,0.0
-1.2,774.0,72,4,-4.6,2.0,8.0,0.0
10.4,767.2,46,4,4.7,12.0,14.0,0.0
21.3,751.8,91,3,20.6,25.9,25.0,0.0
27.0,752.5,82,1,21.6,28.0,12.0,0.0
23.3,751.9,99,3,23.2,28.8,4.2,70.0
22.5,761.3,73,1,19.7,27.8,28.0,0.0
23.5,760.3,69,3,17.9,25.4,30.0,0.0
24.0,758.7,46,5,19.8,28.4,30.0,0.0
5.4,770.6,54,5,0.9,6.7,26.0,0.0
6.8,762.6,67,6,5.4,7.8,13.0,0.5
25.2,757.7,70,2,20.5,29.6,23.0,0.0
17.6,757.5,91,4,15.0,18.0,4.7,0.0
9.3,757.8,100,4,5.7,9.3,11.0,0.0
2.7,769.7,46,1,1.4,7.3,29.0,0.0
2.9,767.6,97,2,0.3,5.7,4.7,3.0
15.4,764.7,79,3,12.9,20.0,3.7,0.0
5.6,765.6,70,5,1.6,5.8,5.0,0.0
2.5,767.4,56,3,-3.0,3.6,22.0,0.0
-2.9,773.5,62,4,-2.9,4.6,24.0,0.0
14.9,768.4,79,2,14.9,25.2,17.0,0.0
26.8,760.2,73,3,24.5,29.1,30.0,0.0
24.8,754.9,94,1,24.8,30.4,4.8,12.0
6.7,769.6,78,3,3.9,7.5,3.3,0.0
25.5,757.2,49,4,19.2,26.0,16.0,0.0
23.7,759.4,78,5,20.7,26.1,20.0,0.0
1.7,773.5,52,6,1.7,6.8,9.0,0.0
17.2,767.4,72,3,14.5,18.5,2.7,0.0
13.9,756.9,100,3,11.6,14.3,4.5,8.0
-4.1,776.1,40,6,-8.9,-3.5,30.0,0.0
23.4,766.6,62,4,18.2,23.8,9.0,0.0
12.1,755.8,100,3,6.6,17.7,3.6,0.0
13.7,759.3,89,4,11.4,16.3,30.0,0.0
4.7,767.7,48,3,2.5,8.1,12.0,0.0
-2.4,777.1,75,5,-2.4,2.4,19.0,0.0
16.1,763.6,69,4,16.1,23.9,8.0,0.0
14.4,760.3,80,1,14.0,23.9,14.0,0.0
27.4,753.3,96,3,26.4,30.7,5.0,0.0
23.4,751.3,98,3,21.1,26.2,1.8,1.0
-1.4,773.8,70,5,-2.9,2.0,15.0,0.0
21.8,765.1,51,3,15.2,23.3,21.0,0.0
2.4,775.3,48,8,-1.8,6.8,26.0,0.0
11.4,762.2,100,2,10.3,13.9,0.7,0.0
6.4,774.0,65,4,6.4,12.2,30.0,0.0
16.5,763.0,95,6,16.5,23.0,4.4,10.0
18.4,764.8,91,4,18.4,23.0,7.0,0.4
14.1,767.7,81,2,13.6,20.4,3.0,0.0
21.1,755.2,83,3,18.5,29.5,5.0,0.0
18.5,756.0,76,4,16.9,22.3,21.0,0.0
15.9,763.9,91,2,15.7,17.6,12.0,2.0
26.8,749.6,89,2,26.3,30.7,10.0,0.0
24.5,754.4,82,3,21.1,25.9,5.0,0.0
20.1,769.8,59,3,12.6,20.1,12.0,0.0
19.6,759.7,74,7,18.1,26.0,28.0,0.0
26.8,751.1,96,2,22.9,27.2,5.0,0.0
-2.3,775.0,60,6,-2.3,6.7,30.0,0.0
18.5,759.9,88,4,15.9,18.9,15.0,0.4
2.3,769.3,43,2,-3.0,3.6,20.0,0.0
14.1,772.5,60,2,10.3,16.8,30.0,0.0
18.9,767.1,34,4,12.0,20.6,30.0,0.0
3.6,769.3,44,3,-0.1,4.9,14.0,0.0
7.2,765.7,62,4,7.2,18.7,30.0,0.0
22.9,757.2,41,3,15.6,24.6,29.0,0.0
4.4,772.6,52,3,-1.1,5.4,25.0,0.0
19.8,762.3,75,4,14.9,21.0,30.0,0.5
-3.5,773.3,74,8,-3.5,6.2,18.0,1.0
26.2,751.2,75,3,22.9,26.9,13.0,0.0
16.3,756.4,79,2,16.2,22.5,30.0,0.0
3.7,770.2,45,3,1.4,7.3,28.0,0.0
25.9,758.8,56,5,18.1,25.9,30.0,0.0
22.5,754.5,77,4,21.2,29.2,10.0,0.0
19.0,757.9,81,5,17.5,22.3,30.0,0.0
4.1,772.7,32,5,-0.8,5.4,17.0,0.0
26.8,757.2,80,1,21.9,31.4,23.0,0.0
21.7,757.9,37,4,11.0,21.9,30.0,0.0
6.7,766.3,82,3,4.0,8.7,6.0,0.0
20.4,767.5,71,2,18.2,23.8,7.0,0.0
3.3,770.2,60,2,-3.2,3.5,21.0,0.0
19.7,763.4,74,1,19.7,26.6,23.0,0.0
21.6,751.6,95,2,21.6,28.5,1.0,0.0
9.2,768.1,67,3,9.1,15.0,20.0,0.0
9.2,772.9,41,4,7.8,12.2,30.0,0.0
17.3,759.3,64,7,11.7,17.5,10.0,0.0
15.0,765.0,77,8,15.0,16.8,4.3,0.0
0.2,773.8,49,6,-6.2,0.5,30.0,0.0
26.4,760.8,85,3,25.1,29.9,29.0,0.0
14.1,767.1,70,2,10.9,19.2,8.0,0.0
20.0,755.7,53,2,15.6,24.6,30.0,0.0
21.7,760.3,83,3,20.7,26.1,24.0,0.0
6.9,769.2,25,3,1.4,7.0,21.0,0.0
25.5,760.6,75,2,23.5,29.1,30.0,0.0
-3.4,772.5,78,5,-3.5,2.0,13.0,0.0
22.4,750.6,97,2,20.8,25.4,3.5,2.0
22.7,750.0,95,2,20.8,25.4,16.0,0.0
30.0,750.7,83,4,27.4,30.9,9.0,0.0
17.2,763.1,46,5,9.3,17.2,19.0,0.0
6.1,771.7,79,5,2.9,6.1,20.0,0.0
27.5,749.9,61,3,20.0,28.0,30.0,0.0
22.7,753.8,89,2,20.2,22.7,10.0,0.4
16.6,764.3,48,2,10.5,17.0,30.0,0.0
10.0,766.2,46,3,5.9,12.3,16.0,0.0
23.3,755.8,82,3,20.6,26.9,26.0,0.0
18.0,761.2,68,2,15.1,22.5,7.0,0.2
17.2,767.9,77,1,14.8,21.5,29.0,0.0
4.0,772.2,62,2,-1.1,5.3,21.0,0.0
14.2,767.6,39,2,3.2,14.2,20.0,0.0
1.1,768.9,52,6,0.5,4.6,10.0,0.0
0.0,770.8,100,7,-1.4,2.2,0.9,0.9
20.2,754.0,99,3,19.0,24.8,2.7,0.0
22.3,757.9,85,2,21.2,30.0,15.0,0.0
2.0,767.4,53,6,1.2,7.4,26.0,0.0
13.2,756.9,87,3,13.0,17.8,30.0,0.0
17.3,762.4,70,2,16.5,28.7,30.0,0.0
28.1,754.0,87,2,25.1,31.5,24.0,0.0
24.1,751.4,97,3,23.4,25.4,13.0,7.0
26.4,763.7,73,4,22.1,26.6,24.0,0.0
22.1,760.6,69,1,21.7,29.9,29.0,0.0
-3.8,774.0,56,7,-3.9,5.9,30.0,1.0
28.7,749.2,83,3,26.3,30.7,10.0,0.0
27.0,760.2,68,3,23.5,29.1,30.0,0.0
16.1,762.5,30,3,12.8,21.0,30.0,0.0
29.4,753.9,79,4,26.9,31.0,30.0,0.0
9.5,768.5,73,2,8.9,13.4,6.0,0.0
26.9,751.6,93,3,24.8,28.0,10.0,0.2
-0.8,774.4,62,6,-3.2,0.5,18.0,0.0
17.8,761.1,87,3,14.9,18.0,30.0,0.0
5.0,766.8,53,3,0.3,8.7,26.0,0.0
30.2,751.5,78,4,26.5,32.4,7.0,0.0
3.8,772.6,51,4,3.2,6.8,5.0,0.0
5.9,766.9,93,4,3.9,7.5,2.5,0.0
5.8,770.1,52,3,2.5,8.3,7.0,0.0
22.0,765.3,63,3,17.3,22.3,4.9,0.0
25.0,754.7,76,4,20.2,25.8,30.0,0.0
17.7,757.1,80,5,16.9,22.3,30.0,0.0
21.4,755.8,92,1,20.4,26.5,13.0,0.0
20.0,761.5,49,3,15.1,22.5,29.0,0.0
4.8,770.7,34,3,0.9,7.6,30.0,0.0
20.5,761.0,40,3,15.1,22.5,24.0,0.0
29.3,756.4,62,3,21.9,31.4,30.0,0.0
17.5,756.1,62,5,13.0,17.9,30.0,0.0
20.1,757.3,81,4,17.4,21.9,22.0,0.0
-1.3,776.0,58,4,-4.7,1.0,30.0,0.0
7.2,767.8,88,2,5.7,11.6,28.0,0.0
27.0,754.5,90,3,24.8,31.7,30.0,9.0
21.0,760.6,34,2,13.9,21.0,30.0,0.0
14.0,755.1,85,4,11.4,19.6,18.0,18.0
14.2,760.1,98,2,13.2,19.6,3.7,0.0
10.8,762.5,58,1,7.4,17.9,22.0,0.0
20.1,759.0,46,3,11.8,23.3,14.0,0.0
12.5,758.0,90,4,12.4,17.8,26.0,0.0
9.6,769.1,76,2,7.7,13.4,4.3,0.0
16.5,760.6,66,4,15.5,24.0,25.0,0.0
27.1,762.0,70,2,22.8,28.6,30.0,0.0
18.9,758.3,27,8,8.3,19.8,26.0,0.0
16.9,757.0,66,4,13.0,18.3,30.0,0.0
15.8,760.0,68,4,11.3,19.3,27.0,0.0
6.3,769.7,80,5,2.9,6.5,14.0,0.0
27.0,758.1,89,1,26.8,30.5,5.0,0.0
25.5,756.7,87,2,23.9,30.3,18.0,0.0
29.2,757.5,63,4,21.9,29.2,29.0,0.0
17.1,760.0,36,4,12.6,22.8,28.0,0.0
22.8,751.9,89,2,21.3,28.4,30.0,0.0
30.7,759.4,72,2,26.5,31.7,30.0,0.0
2.3,763.3,80,9,2.3,9.8,22.0,0.1
13.0,755.3,78,2,13.0,19.6,27.0,0.0
18.4,759.2,32,7,10.3,22.8,30.0,0.0
12.0,758.8,58,3,12.0,18.0,30.0,0.0
12.4,763.9,55,6,9.2,15.4,20.0,0.0
9.4,757.4,100,3,6.6,17.7,10.0,0.0
25.1,756.7,67,5,20.2,27.6,29.0,0.0
24.6,759.6,62,2,20.0,24.7,30.0,0.0
27.1,755.1,82,3,25.8,30.4,10.0,0.6
8.7,763.0,100,2,8.4,15.4,2.0,0.0
7.8,765.5,50,2,3.6,9.1,6.0,0.0
26.7,754.9,91,4,25.5,28.9,15.0,0.0
24.4,749.1,96,3,23.4,25.4,4.7,7.0
3.4,767.2,60,3,0.9,3.4,3.7,0.0
15.9,757.0,69,2,13.0,17.9,30.0,0.0
7.9,769.1,49,4,7.5,11.3,30.0,0.0
8.2,764.2,55,1,4.2,13.8,24.0,0.0
29.5,750.7,79,2,26.5,30.7,8.0,0.0
6.9,777.7,40,2,5.7,10.5,30.0,0.0
-2.1,773.6,71,2,-2.1,4.3,21.0,0.0
5.9,774.6,47,2,5.0,12.2,29.0,0.0
27.1,755.5,90,1,25.6,31.7,3.9,0.0
22.3,752.2,95,2,21.1,26.2,3.1,0.0
3.3,767.5,60,2,0.9,4.0,3.4,0.0
4.3,772.0,90,3,2.9,5.8,30.0,0.0
1.9,773.5,59,5,-3.6,5.1,13.0,0.0
30.1,755.5,84,1,27.5,32.4,7.0,0.0
23.8,756.7,77,0,20.5,29.6,19.0,0.0
8.6,767.6,65,4,4.0,9.8,5.0,0.0
4.2,766.7,73,2,1.0,8.3,1.8,0.0
-2.6,773.7,78,6,-2.6,2.6,20.0,0.0
1.1,774.6,51,3,-1.7,4.3,9.0,0.0
28.0,753.7,84,4,23.1,29.1,6.0,0.0
14.9,768.5,78,1,13.6,20.4,3.5,0.0
2.8,768.2,100,5,2.8,6.2,1.8,0.7
-3.5,773.5,85,3,-4.5,2.0,5.0,0.0
24.3,753.2,93,2,21.6,28.0,4.1,0.1
11.6,761.7,50,3,8.3,19.8,25.0,0.0
17.1,756.2,22,5,8.9,17.9,17.0,0.0
13.3,763.9,35,1,6.9,13.8,17.0,0.0
8.0,768.0,36,3,2.5,8.3,14.0,0.0
1.7,771.2,69,2,1.4,8.3,5.0,0.0
18.7,766.6,64,2,15.6,19.3,14.0,0.0
19.9,755.2,69,3,16.9,24.0,17.0,0.0
18.4,764.0,47,4,12.7,23.9,21.0,0.0
5.2,769.6,55,5,0.6,5.4,29.0,0.0
18.9,759.5,80,4,16.4,19.1,30.0,0.0
25.9,750.9,96,3,23.4,29.3,2.4,3.0
16.1,765.5,59,2,10.9,19.2,15.0,0.0
10.3,777.4,36,3,5.7,12.5,29.0,0.0
3.2,771.4,70,3,0.9,7.6,13.0,0.0
18.7,764.5,80,3,17.1,21.9,5.0,0.0
28.2,757.0,92,2,27.0,33.7,4.1,0.0
21.6,753.7,93,2,20.6,25.9,11.0,0.0
15.0,762.4,74,3,15.0,22.1,27.0,0.0
2.6,771.2,81,5,2.0,4.6,6.0,0.0
31.9,751.1,65,2,26.5,32.4,9.0,0.0
3.6,767.1,65,3,3.6,9.1,7.0,0.0
12.9,760.8,96,1,12.3,14.6,1.8,0.0
17.8,759.3,33,5,10.3,18.8,30.0,0.0
10.3,765.6,43,4,4.7,12.2,17.0,0.0
6.2,773.8,66,3,6.1,12.2,30.0,0.0
24.5,757.7,86,3,22.6,29.3,14.0,0.0
23.1,763.6,38,7,15.7,23.2,30.0,0.0
27.9,754.9,98,2,26.2,30.8,1.7,0.0
3.4,765.1,71,4,3.1,4.6,5.0,0.0
-0.6,776.0,53,3,-0.9,3.8,30.0,0.0
18.8,760.3,71,5,15.0,23.6,15.0,0.0
21.3,754.6,88,2,21.2,23.8,7.0,0.0
7.6,765.4,64,3,3.2,7.6,22.0,0.0
7.1,762.4,76,3,3.3,10.5,5.0,0.0
8.0,760.0,75,6,4.2,10.9,30.0,0.0
14.5,755.2,66,3,6.8,17.9,7.0,0.0
17.7,759.0,54,3,11.9,19.3,29.0,0.0
9.2,756.0,98,4,5.7,9.5,11.0,0.0
-4.1,776.4,44,8,-8.9,-3.8,30.0,0.0
10.0,762.5,100,4,9.9,13.9,0.2,0.2
17.8,763.3,50,4,13.8,23.2,29.0,0.0
30.2,755.5,75,3,27.0,31.1,29.0,0.0
32.4,754.2,41,2,22.1,32.4,12.0,0.0
21.8,756.2,81,2,18.5,22.1,14.0,0.0
11.8,756.8,100,3,10.8,14.3,1.2,8.0
5.0,773.6,77,4,0.6,5.1,4.8,0.0
3.1,770.3,46,8,1.7,7.2,27.0,0.0
-2.0,772.7,81,5,-2.0,4.6,15.0,0.0
1.8,767.4,64,1,0.3,8.7,17.0,0.0
13.5,756.8,86,3,11.4,15.5,17.0,0.2
17.7,762.8,45,1,7.0,17.7,10.0,0.0
8.0,768.2,82,2,8.0,13.4,4.1,0.0
29.3,759.8,74,3,25.1,29.9,28.0,0.0
15.4,768.6,75,2,12.6,20.6,12.0,0.0
5.1,763.7,39,4,2.7,6.5,30.0,0.0
16.6,759.1,45,5,8.3,18.1,13.0,0.0
17.9,756.1,63,4,11.7,22.6,16.0,0.0
21.3,767.5,34,3,13.5,22.5,21.0,0.0
0.5,769.9,67,4,0.5,7.8,23.0,0.0
27.4,752.6,90,1,26.2,30.8,16.0,0.2
-0.2,774.3,71,1,-3.4,4.3,12.0,0.0
2.5,774.1,50,1,-3.4,4.3,29.0,0.0
1.4,770.2,63,2,1.3,8.5,30.0,0.0
9.9,756.1,89,4,6.8,17.9,4.2,0.0
29.5,750.7,64,2,22.8,29.5,28.0,5.0
5.1,769.3,33,1,1.8,6.1,14.0,0.0
16.6,757.3,88,3,13.5,17.4,19.0,0.0
20.4,761.0,50,10,17.9,27.0,30.0,0.0
15.9,759.0,98,2,15.0,18.0,0.5,0.0
4.9,772.3,31,3,-0.8,4.9,9.0,0.0
10.0,763.9,96,3,10.0,18.3,3.4,0.0
0.8,770.2,53,4,-3.5,2.0,27.0,0.0
-1.1,773.6,63,3,-2.8,3.6,11.0,0.0
-1.0,775.3,47,5,-3.6,5.1,26.0,0.0
21.7,757.3,53,4,15.8,26.8,26.0,0.0
29.5,756.4,76,2,26.8,30.5,19.0,0.0
15.4,756.2,63,3,11.7,18.3,30.0,0.0
26.5,751.9,93,3,24.0,31.0,4.2,0.0
28.2,755.2,77,4,24.3,29.3,30.0,1.0
28.9,755.1,81,2,27.2,31.0,30.0,0.7
18.8,756.9,94,4,17.4,21.0,4.4,46.0
22.2,751.6,87,5,19.5,22.9,17.0,0.1
14.8,764.5,69,2,13.4,25.3,10.0,0.0
27.1,754.3,94,0,25.1,27.4,17.0,2.0
28.3,755.9,83,3,27.0,31.1,30.0,0.0
16.5,757.8,94,3,16.4,21.0,5.0,0.0
23.4,762.2,56,3,19.8,26.6,30.0,0.0
4.3,770.7,44,2,0.7,7.7,7.0,0.0
11.9,761.4,100,4,10.3,13.9,1.5,0.0
-2.4,773.3,72,5,-2.9,2.0,12.0,0.0
9.6,778.9,35,4,5.7,12.5,30.0,0.0
12.3,759.7,87,3,11.3,17.0,21.0,0.0
25.2,752.2,93,4,24.4,29.5,15.0,0.0
24.9,748.4,88,3,22.1,25.3,16.0,3.0
28.0,755.0,84,2,26.9,31.0,25.0,0.0
6.8,756.9,100,3,6.6,17.7,1.1,0.0
17.1,760.0,71,2,12.4,17.5,30.0,0.0
12.2,763.6,100,3,9.7,13.6,3.2,0.2
12.5,758.5,66,2,11.0,15.3,7.0,0.0
8.8,772.7,44,1,6.8,14.0,30.0,0.0
17.5,766.9,63,2,13.6,20.1,13.0,0.0
3.7,764.1,88,5,0.6,6.0,23.0,0.0
7.2,763.6,79,5,4.7,10.7,4.2,2.0
25.5,751.1,92,2,22.3,27.3,5.0,0.7
30.8,755.6,81,4,27.9,30.9,11.0,0.0
19.6,760.3,28,3,9.9,20.2,30.0,0.0
1.5,775.0,50,5,-1.8,4.3,30.0,0.0
24.7,753.7,98,3,24.7,26.8,2.1,0.3
18.1,761.8,27,3,12.1,24.5,30.0,0.0
9.7,764.5,82,6,9.7,16.9,18.0,0.0
18.4,765.7,57,4,12.8,21.9,11.0,0.0
2.8,772.8,42,2,-0.4,5.6,18.0,0.0
17.5,768.4,71,4,12.6,20.6,16.0,0.0
9.6,772.3,47,1,4.2,11.0,30.0,0.0
2.1,773.6,64,2,-2.4,4.9,12.0,0.0
15.1,757.3,91,5,13.5,17.4,19.0,0.0
14.7,760.7,72,1,14.0,23.9,15.0,0.0
1.2,769.5,92,8,1.2,18.3,10.0,0.0
17.1,767.8,76,1,15.6,20.1,15.0,0.0
11.4,771.5,41,3,6.8,14.0,24.0,0.0
0.5,776.6,53,9,-1.8,5.4,30.0,0.0
13.0,768.6,55,3,7.7,13.4,5.0,0.0
26.0,757.5,89,3,25.2,28.5,5.0,0.0
2.2,774.9,36,4,-4.0,3.3,22.0,0.0
9.9,758.1,62,4,6.2,17.7,30.0,0.0
14.5,759.5,58,3,11.0,16.1,8.0,0.0
25.2,751.0,70,4,22.7,30.8,7.0,0.0
2.0,772.6,48,5,-2.9,2.0,26.0,0.0
16.1,757.1,84,4,13.5,17.4,23.0,0.0
24.5,753.4,94,3,23.6,25.3,9.0,0.0
25.3,751.2,93,3,22.9,27.3,10.0,35.0
23.6,762.9,65,3,19.5,25.7,30.0,0.0
8.1,765.1,57,4,4.7,12.2,15.0,0.0
-1.4,774.2,64,6,-4.6,-0.2,17.0,0.0
16.3,764.3,73,2,14.0,21.9,5.0,0.0
16.1,756.2,68,2,13.0,19.6,30.0,0.0
28.4,749.0,70,1,23.5,32.6,5.0,0.0
5.1,769.8,100,1,5.0,7.7,0.5,0.6
16.6,763.8,44,3,10.5,18.0,30.0,0.0
31.6,756.0,67,4,27.0,33.7,6.0,0.0
0.2,772.7,50,9,0.2,6.7,30.0,0.0
18.3,761.9,83,4,14.9,21.0,30.0,0.5
26.8,756.9,92,2,26.0,31.6,4.1,0.0
7.1,763.9,62,1,4.7,13.8,19.0,0.0
20.6,753.7,97,4,20.2,22.6,4.3,1.0
11.4,759.8,54,1,11.0,15.3,8.0,0.0
20.1,766.9,34,3,12.0,20.4,30.0,0.0
27.3,751.6,77,2,21.6,28.0,12.0,1.0
21.0,761.1,82,3,21.0,29.9,3.6,0.0
6.3,771.7,39,1,0.9,6.3,18.0,0.0
6.5,766.5,41,4,0.9,7.5,18.0,0.0
1.7,770.4,61,4,1.7,11.4,30.0,0.0
15.6,763.0,82,3,14.8,17.1,5.0,0.0
5.6,769.4,32,4,1.8,6.1,14.0,0.0
18.5,760.0,93,3,16.3,23.3,4.3,15.0
27.9,759.7,84,3,25.7,31.0,30.0,0.0
18.8,763.4,61,4,17.0,23.9,10.0,0.0
17.0,767.7,76,1,14.1,20.1,3.0,0.0
20.8,766.8,68,2,15.9,21.5,30.0,0.0
19.7,758.8,75,5,17.5,22.3,25.0,0.0
15.7,767.2,68,2,10.9,19.2,11.0,0.0
22.3,751.3,93,2,22.3,28.5,1.3,0.0
29.7,754.6,77,4,26.0,30.1,13.0,0.0
13.9,759.4,80,3,12.4,17.5,30.0,0.0
11.2,767.7,23,7,3.2,11.3,30.0,0.0
10.3,760.9,80,4,7.3,13.1,25.0,0.0
22.1,752.2,91,2,22.1,24.6,26.0,5.0
24.7,754.4,98,3,23.6,25.2,1.1,43.0
13.1,764.4,86,5,9.9,14.3,19.0,0.0
-2.9,772.5,69,1,-3.3,1.6,15.0,0.0
13.8,767.2,72,3,10.2,14.8,15.0,6.0
27.6,754.6,95,1,26.5,32.4,3.8,0.0
30.1,760.7,51,3,19.9,30.2,29.0,0.0
23.3,752.7,94,3,22.1,25.5,1.8,0.0
4.3,764.5,94,6,4.3,10.7,3.4,0.0
6.7,770.7,68,4,3.5,6.8,21.0,0.0
19.3,760.4,63,4,15.5,24.0,24.0,0.0
23.4,753.3,99,3,23.0,29.1,0.1,0.0
27.9,755.2,56,4,21.0,29.5,8.0,0.0
17.4,768.1,66,2,13.6,20.4,4.6,0.0
28.5,762.4,74,3,24.5,29.9,12.0,0.0
28.1,749.0,88,3,26.3,30.7,10.0,0.0
20.4,763.8,84,3,18.0,23.2,18.0,0.0
15.3,762.4,98,3,15.2,19.0,0.2,0.0
2.1,768.1,97,5,0.3,5.7,2.1,3.0
28.4,754.9,49,1,22.1,29.2,10.0,0.0
25.2,749.3,73,3,20.7,32.6,11.0,0.0
-4.5,775.4,71,7,-5.2,-2.0,28.0,0.0
23.3,755.3,87,2,22.3,27.2,7.0,0.0
14.2,759.4,86,3,11.4,16.8,30.0,0.0
7.7,767.1,72,2,5.7,11.6,30.0,0.0
5.5,770.9,67,2,5.5,11.3,27.0,0.0
19.6,764.9,64,2,12.7,20.0,5.0,0.0
21.3,760.8,84,2,20.3,24.6,30.0,0.0
3.0,770.5,72,4,2.1,7.0,15.0,0.0
24.1,752.2,98,3,23.7,25.3,3.3,6.0
11.3,759.1,91,2,11.3,19.3,6.0,0.0
4.4,764.2,73,1,1.8,8.3,2.8,0.0
-0.3,775.3,62,3,-5.0,0.4,26.0,0.0
22.2,752.5,91,2,21.8,24.6,30.0,5.0
20.9,762.3,64,1,19.3,27.5,27.0,0.0
5.1,770.2,60,4,3.6,9.7,11.0,0.0
28.5,756.7,82,1,26.0,31.6,13.0,0.0
23.5,748.9,87,2,20.7,32.6,5.0,0.0
23.4,750.8,90,3,20.8,26.9,26.0,0.0
-2.2,776.7,51,4,-5.1,-2.2,20.0,0.0
1.2,773.5,48,1,-0.5,4.9,30.0,0.0
17.1,765.7,82,3,14.1,20.1,4.1,0.0
29.2,757.5,83,2,26.5,32.3,22.0,0.2
14.6,770.8,71,3,12.8,17.6,21.0,0.0
1.3,773.8,34,6,-3.3,4.6,30.0,0.0
11.7,772.4,33,3,5.0,12.1,25.0,0.0
25.1,753.7,97,4,25.1,27.1,3.1,2.0
9.2,775.3,47,5,9.2,13.9,30.0,0.0
6.6,770.6,41,5,1.4,8.3,10.0,0.0
13.8,768.3,94,1,12.6,20.6,1.5,0.0
27.4,755.7,90,2,27.2,31.0,12.0,0.0
27.7,752.8,48,3,22.4,31.2,16.0,0.0
11.8,764.8,64,3,7.0,11.9,7.0,0.0
28.1,759.9,77,4,24.7,30.1,30.0,0.0
8.4,757.9,73,4,8.4,18.1,13.0,0.0
11.8,762.5,92,4,9.9,14.5,20.0,0.0
27.2,758.8,83,3,26.5,31.7,30.0,0.0
4.6,768.3,42,6,1.2,7.4,27.0,0.0
3.8,769.0,59,2,3.2,10.9,24.0,0.0
5.6,777.5,38,0,5.6,10.5,30.0,0.0
19.0,765.8,84,2,14.8,21.9,4.8,0.0
2.9,771.5,73,5,2.6,7.0,19.0,0.0
16.5,762.4,42,1,13.8,24.0,30.0,0.0
12.8,757.9,81,3,6.8,13.0,6.0,0.0
17.0,758.9,71,9,15.1,18.1,9.0,0.7
3.4,770.2,71,4,0.9,5.8,30.0,0.0
17.4,764.2,31,3,9.4,18.7,30.0,0.0
13.2,757.8,76,3,11.0,22.6,18.0,0.0
24.5,751.7,85,3,22.8,30.7,23.0,0.0
23.8,755.6,40,4,15.6,24.6,30.0,0.0
7.3,768.3,42,4,4.0,12.6,30.0,0.0
10.8,766.5,34,7,7.5,11.5,12.0,0.0
28.9,751.3,82,6,27.4,30.9,10.0,0.0
19.9,758.8,64,5,15.0,21.1,17.0,0.0
10.7,774.0,43,3,9.8,15.0,30.0,0.0
23.0,762.3,74,0,19.3,27.5,13.0,0.0
7.2,761.6,80,4,5.1,8.8,12.0,0.0
13.4,768.3,63,4,12.0,20.8,23.0,0.0
15.7,758.2,98,3,15.0,17.2,0.3,0.0
17.5,757.9,97,3,17.4,23.3,6.0,99.0
17.4,757.0,92,2,17.4,21.9,16.0,0.0
4.5,767.4,93,2,1.0,7.5,1.8,0.0
28.1,755.6,47,3,21.2,30.0,21.0,0.0
-1.8,770.8,67,6,-1.8,4.6,27.0,0.0
16.6,761.3,92,1,14.9,19.5,30.0,0.0
-4.5,774.4,79,5,-4.6,-0.2,20.0,0.0
27.9,755.2,85,4,24.7,28.0,11.0,0.0
12.0,759.2,86,1,12.0,17.9,23.0,0.0
8.4,772.5,64,0,8.4,15.9,30.0,0.0
4.0,771.5,80,3,1.9,6.2,13.0,0.0
3.9,768.1,47,1,1.2,8.7,30.0,0.0
-0.9,771.0,87,3,-0.9,7.7,1.9,0.0
29.5,748.2,90,2,27.3,30.9,4.1,0.0
27.7,753.7,87,2,25.1,31.5,28.0,0.0
5.3,767.3,59,4,-0.4,5.5,4.3,0.0
13.7,760.5,91,1,11.4,14.6,30.0,0.0
13.4,765.8,58,4,9.0,14.6,30.0,0.0
1.1,768.6,82,2,-0.4,5.5,1.3,0.0
22.4,760.7,77,2,17.9,25.4,30.0,0.0
16.8,759.7,92,3,16.8,20.4,18.0,0.0
22.5,763.9,72,3,19.5,25.7,30.0,0.0
20.4,766.8,61,4,15.9,22.0,30.0,0.0
6.2,765.8,99,3,3.9,7.5,1.5,0.0
18.5,761.5,91,3,18.0,21.6,8.0,0.0
24.5,761.3,35,4,17.1,28.1,30.0,0.0
21.9,763.7,37,9,15.7,23.3,30.0,0.0
13.3,767.5,56,3,9.0,14.8,25.0,0.0
25.1,755.3,65,2,21.0,29.5,13.0,0.0
16.3,770.0,73,3,14.3,22.5,7.0,0.0
13.0,767.1,75,3,12.8,20.9,13.0,0.0
24.2,762.4,60,4,19.3,27.8,6.0,0.0
-1.1,773.1,60,7,-1.2,4.6,29.0,0.0
24.6,760.6,82,3,23.6,26.4,15.0,0.0
-2.7,775.8,56,2,-4.7,1.0,30.0,0.0
20.7,748.7,93,1,20.7,25.4,14.0,2.0
22.9,752.7,82,2,22.4,31.2,5.0,0.0
12.2,760.4,38,3,6.2,19.8,29.0,0.0
2.6,770.7,63,4,2.1,6.1,6.0,0.0
18.6,760.3,84,3,14.9,18.7,30.0,0.0
29.6,755.3,95,3,27.9,32.2,4.1,0.0
-0.1,774.2,64,4,-0.1,6.8,29.0,0.0
3.2,771.7,57,3,0.0,7.5,15.0,0.0
14.8,766.0,69,3,12.7,23.2,11.0,0.0
11.9,759.1,69,3,11.8,18.0,30.0,0.0
25.0,760.7,63,4,17.9,25.4,30.0,0.0
1.1,775.7,50,1,-4.0,3.1,22.0,0.0
2.4,770.9,48,5,-3.7,3.4,19.0,0.0
24.3,752.6,73,2,23.5,29.8,12.0,3.0
17.6,763.0,87,2,16.3,23.3,5.0,5.0
26.1,756.2,93,3,26.1,30.0,2.8,0.0
1.3,773.6,52,2,-2.2,4.3,19.0,0.0
19.8,762.7,88,3,18.0,21.9,15.0,0.0
16.9,754.9,38,6,6.8,18.2,15.0,0.0
1.6,768.6,76,1,1.4,7.3,12.0,0.0
8.1,770.3,30,8,7.5,11.5,21.0,0.0
0.7,767.9,87,4,0.6,4.0,1.4,0.0
-2.6,770.5,68,6,-2.6,4.5,27.0,0.0
27.1,753.3,89,3,25.6,30.8,5.0,0.1
13.7,761.7,31,3,3.8,13.8,27.0,0.0
6.4,763.1,83,5,3.3,6.4,13.0,0.0
26.2,752.5,96,4,24.8,27.4,13.0,0.0
13.9,766.7,82,5,12.8,21.1,30.0,4.0
27.0,748.0,93,3,26.4,30.9,10.0,0.0
6.5,769.6,35,3,0.7,7.7,8.0,0.0
-1.3,774.1,67,4,-1.8,4.3,21.0,0.0
27.9,753.8,54,4,22.1,32.4,7.0,0.0
11.6,758.3,54,5,7.3,17.7,30.0,0.0
16.7,768.1,68,1,15.6,20.1,8.0,0.0
26.1,754.2,58,3,18.5,29.5,13.0,0.0
21.1,761.2,50,6,16.4,28.7,30.0,0.0
1.2,776.0,46,2,-3.4,1.4,21.0,0.0
-5.0,772.9,85,11,-5.2,-3.3,21.0,3.0
0.4,767.2,72,2,0.3,8.7,19.0,0.0
26.6,754.4,96,2,26.2,30.7,3.7,0.0
12.2,771.4,40,4,12.2,18.5,30.0,0.0
29.9,755.6,85,3,27.0,33.7,3.8,0.0
26.7,755.3,95,3,24.7,29.2,7.0,0.0
22.2,745.6,91,9,21.2,26.3,10.0,65.0
3.0,770.5,44,2,1.8,6.1,12.0,0.0
18.0,766.3,69,2,14.5,18.6,2.5,0.0
19.9,753.2,95,4,19.9,24.8,5.0,0.0
18.3,762.7,90,2,18.3,23.6,13.0,0.0
-5.1,778.4,50,6,-8.9,-5.0,26.0,0.0
18.8,757.1,90,3,17.6,22.1,30.0,0.0
16.4,765.3,84,1,12.7,20.0,4.3,0.0
16.6,761.6,50,3,13.8,24.0,30.0,0.0
0.1,770.5,96,6,-0.2,18.3,13.0,1.0
18.7,765.2,52,2,13.2,19.9,10.0,0.0
21.3,756.5,64,5,19.2,26.2,17.0,0.0
1.4,773.3,61,8,1.4,6.8,16.0,0.0
25.3,753.4,75,4,22.3,27.2,10.0,0.0
6.7,768.4,34,1,3.2,12.0,28.0,0.0
21.8,754.7,74,3,18.5,29.5,13.0,0.0
10.9,767.0,22,2,6.5,13.1,30.0,0.0
16.8,762.4,29,4,8.8,18.3,30.0,0.0
16.6,756.4,51,3,6.8,16.7,7.0,0.0
4.1,772.0,54,4,-3.6,5.1,16.0,0.0
6.4,771.5,47,5,2.6,7.5,28.0,0.0
24.1,763.7,77,3,22.1,25.7,24.0,0.0
9.2,757.6,73,2,8.3,18.1,9.0,0.0
10.8,765.2,94,3,9.3,14.3,17.0,0.0
23.4,756.7,84,2,21.2,28.0,3.5,0.0
14.6,768.4,55,4,9.2,14.6,12.0,0.0
15.5,760.9,82,3,12.8,18.5,8.0,0.0
18.9,761.0,45,4,13.8,24.0,30.0,0.0
7.9,766.1,100,4,7.5,11.5,0.1,0.0
17.0,765.3,86,2,14.1,18.5,3.7,0.0
-2.7,770.6,83,3,-3.5,3.4,3.9,0.0
28.1,756.1,88,1,27.2,31.7,9.0,0.5
13.9,766.8,72,2,13.6,20.1,10.0,0.0
24.4,755.8,79,4,21.2,28.0,4.0,0.0
21.9,760.5,39,3,17.1,26.9,30.0,0.0
-2.1,771.2,95,5,-3.1,-0.3,2.9,3.0
6.4,760.6,89,5,6.4,19.8,15.0,0.0
18.7,768.2,71,2,14.8,21.5,30.0,0.0
6.3,766.3,46,5,0.9,7.5,15.0,0.0
18.1,762.7,95,2,18.0,23.6,4.5,0.0
12.7,761.5,54,2,6.9,16.1,26.0,0.0
10.9,765.3,96,4,9.0,14.3,13.0,0.0
26.0,752.1,71,2,21.3,26.4,30.0,0.0
3.0,771.4,57,1,0.0,6.4,14.0,0.0
11.0,772.0,57,1,6.7,13.1,30.0,0.0
13.9,763.5,54,1,8.9,15.0,30.0,0.0
4.0,772.6,63,7,2.6,9.7,16.0,0.0
2.0,766.0,87,1,1.0,8.3,1.6,0.0
31.7,756.0,63,3,27.5,32.4,17.0,0.0
1.2,766.3,86,7,1.2,6.3,2.7,0.0
2.9,772.1,37,6,2.1,5.2,30.0,0.0
23.8,751.3,85,2,20.8,28.4,30.0,0.0
-2.0,770.2,72,3,-3.7,3.4,6.0,0.0
-2.6,775.3,61,3,-4.7,1.0,30.0,0.0
3.0,771.3,69,3,0.9,6.7,24.0,0.0
4.2,765.7,43,0,1.8,7.5,15.0,0.0
8.4,772.8,62,2,6.8,14.0,15.0,0.0
9.8,763.0,67,2,7.4,17.9,22.0,0.0
23.9,753.2,91,4,23.0,29.1,8.0,4.0
27.0,760.3,92,3,25.7,31.0,14.0,0.0
7.6,764.2,93,7,7.6,13.7,5.0,4.0
24.5,751.5,98,4,24.3,31.0,0.7,0.0
19.2,756.1,87,4,17.4,21.0,20.0,0.0
25.4,756.7,61,4,19.6,26.5,30.0,0.0
16.0,765.7,53,3,10.9,17.9,7.0,0.0
3.3,768.1,95,4,3.2,10.7,2.8,0.0
24.2,751.9,82,4,22.9,26.9,14.0,0.0
20.7,760.3,88,1,17.9,25.4,29.0,0.0
10.6,772.1,36,3,7.8,13.4,30.0,0.0
6.0,767.3,95,3,5.7,12.3,4.7,0.0
14.5,769.4,70,1,12.6,19.1,10.0,0.0
24.0,760.3,20,4,12.1,24.0,30.0,0.0
7.9,767.2,21,2,1.4,7.9,21.0,0.0
25.0,751.0,100,2,24.8,28.3,0.1,0.1
18.2,763.3,87,3,15.1,20.1,27.0,0.1
16.9,766.9,76,2,15.9,21.4,5.0,0.0
4.8,771.2,60,3,1.3,7.3,24.0,0.0
21.2,761.5,76,3,19.7,27.8,7.0,0.0
11.6,756.3,100,1,10.8,14.3,16.0,16.0
27.2,752.3,97,3,26.4,30.7,7.0,0.0
23.5,750.7,97,4,22.3,27.5,15.0,73.0
5.9,764.4,79,2,3.3,10.5,6.0,0.0
5.8,767.5,48,3,0.5,6.8,6.0,0.0
-3.4,772.9,71,6,-3.4,-0.2,24.0,0.0
17.3,767.1,73,2,14.8,21.5,30.0,0.0
24.6,760.5,57,2,19.7,27.8,30.0,0.0
0.1,770.4,100,6,-1.1,2.2,1.9,2.0
-0.2,774.1,57,8,-2.0,3.7,21.0,0.0
0.8,769.5,51,2,-3.0,3.2,11.0,0.0
23.7,761.8,89,2,22.1,26.7,16.0,0.0
29.4,749.4,87,4,27.3,30.3,11.0,0.0
13.4,770.5,60,7,13.1,21.4,29.0,0.0
-2.0,774.1,72,3,-2.5,3.6,7.0,0.0
5.2,768.0,42,2,-0.1,6.9,25.0,0.0
24.0,760.0,38,4,17.1,26.9,30.0,0.0
20.8,763.2,50,3,15.5,22.1,16.0,0.0
21.5,762.6,30,1,15.5,24.0,30.0,0.0
26.0,757.2,91,2,24.7,28.5,9.0,0.0
9.7,763.9,65,4,5.9,10.1,9.0,0.0
29.9,753.1,80,3,26.2,30.6,19.0,0.3
19.5,757.8,70,4,17.4,21.9,30.0,0.0
1.9,769.9,65,10,1.8,7.5,14.0,0.0
7.0,766.7,55,2,3.6,9.1,4.4,0.0
4.8,764.7,35,8,2.7,6.5,30.0,0.0
2.6,771.4,66,3,-2.2,5.0,17.0,0.0
11.1,770.3,57,2,8.9,11.2,10.0,0.0
24.0,751.4,96,3,22.3,27.3,6.0,4.0
0.1,768.2,67,3,-3.2,1.2,17.0,0.0
-1.7,773.8,74,4,-2.2,4.3,19.0,0.0
8.2,770.5,61,2,7.7,15.7,11.0,0.0
28.6,756.3,72,5,25.2,30.8,7.0,0.0
29.5,754.8,82,4,26.1,30.7,7.0,0.0
20.3,764.9,16,6,12.8,21.1,30.0,2.0
0.2,770.2,100,7,-1.4,2.2,1.2,1.0
5.4,767.3,52,3,3.2,12.0,22.0,0.0
20.9,751.6,96,2,20.9,28.4,3.6,0.0
25.1,754.1,90,1,24.8,32.4,30.0,9.0
7.8,766.8,34,6,5.3,10.3,12.0,0.0
15.7,760.8,96,2,14.9,19.5,16.0,0.0
-1.9,775.7,51,4,-2.0,0.9,24.0,0.0
9.7,767.5,75,4,9.7,18.0,16.0,0.0
23.4,751.8,97,3,23.4,25.4,10.0,11.0
21.5,753.8,93,2,21.5,25.9,5.0,0.0
30.9,757.1,84,3,27.6,31.9,5.0,0.0
7.6,768.7,43,1,3.6,9.7,19.0,0.0
24.4,750.6,95,4,21.1,26.2,4.7,2.0
-1.8,773.6,79,8,-1.9,0.5,12.0,0.0
2.7,772.6,57,3,-2.8,4.9,8.0,0.0
23.3,753.3,91,3,22.3,25.5,2.2,0.0
30.8,756.8,63,3,24.2,30.8,13.0,0.0
16.9,765.5,56,2,12.8,21.9,12.0,0.0
28.0,756.8,80,1,26.5,30.8,21.0,0.0
19.5,759.8,67,2,19.5,28.4,30.0,0.0
22.9,762.4,47,2,18.8,28.4,30.0,0.0
11.6,772.9,52,1,7.9,15.9,19.0,0.0
3.2,765.5,63,8,2.3,9.8,25.0,0.1
3.7,770.8,68,3,3.7,9.7,13.0,0.0
30.1,756.9,70,3,26.7,31.7,20.0,0.0
8.0,763.6,76,4,5.9,10.1,8.0,0.0
8.1,768.9,55,5,3.2,10.7,9.0,0.0
27.0,760.3,89,3,26.0,31.0,11.0,0.0
24.0,751.3,96,2,23.5,30.7,3.0,0.0
26.7,754.5,98,2,26.2,30.7,3.4,0.0
21.1,766.2,39,2,12.7,23.2,21.0,0.0
4.8,770.2,85,3,-1.7,11.2,2.3,0.0
2.4,768.1,51,2,-0.1,4.9,15.0,0.0
24.0,753.9,82,4,20.6,25.9,27.0,0.0
24.0,749.4,93,4,23.0,26.9,11.0,0.0
23.1,756.4,79,3,20.2,26.4,30.0,0.0
28.1,756.9,81,1,26.0,31.6,17.0,0.0
16.0,760.7,70,3,15.5,24.0,24.0,0.0
16.0,761.4,98,2,15.0,18.9,0.3,0.2
7.6,759.9,85,3,6.2,13.1,30.0,0.0
-3.0,774.5,64,4,-3.0,5.2,26.0,0.0
27.4,757.4,93,1,27.4,31.3,3.8,0.0
23.2,761.2,67,1,19.7,27.8,30.0,0.0
21.0,761.8,35,3,12.1,21.0,16.0,0.0
0.7,771.4,55,3,-3.7,3.4,13.0,0.0
7.4,769.2,32,3,0.7,7.4,7.0,0.0
-7.9,779.6,83,6,-8.0,-2.3,17.0,0.0
18.4,760.3,58,2,11.9,18.8,26.0,0.0
24.8,763.3,43,3,15.2,24.8,30.0,0.0
27.9,753.1,91,4,25.5,28.9,10.0,0.0
19.5,761.9,85,0,16.5,21.9,6.0,4.0
14.8,769.1,49,3,12.0,20.6,30.0,0.0
13.7,761.9,93,3,10.3,14.1,14.0,0.0
3.0,775.6,58,2,-0.9,3.1,18.0,0.0
5.2,762.4,44,5,-1.0,5.4,29.0,0.0
15.9,757.7,84,4,13.5,17.4,24.0,0.0
19.7,759.3,62,3,17.1,26.9,30.0,0.0
28.8,750.0,91,4,27.3,30.3,13.0,0.0
-2.8,775.7,60,6,-2.8,6.5,30.0,0.0
-3.4,771.7,88,6,-3.4,-1.3,9.0,0.3
11.4,752.3,93,2,7.3,17.9,5.0,0.0
5.2,769.4,50,2,-0.4,5.4,6.0,0.0
24.1,759.0,75,5,23.8,30.8,30.0,0.0
24.2,750.8,85,3,20.8,28.4,30.0,0.0
27.0,761.2,57,3,20.8,29.9,23.0,0.0
12.9,758.8,46,3,6.2,19.8,30.0,0.0
7.0,768.9,77,3,3.5,7.7,20.0,0.0
15.0,768.0,79,0,15.0,20.1,5.0,0.0
4.2,773.0,30,5,-1.7,4.3,26.0,0.0
9.6,764.3,39,4,9.6,18.1,30.0,0.0
15.9,766.6,78,2,14.5,18.6,3.2,0.0
19.8,759.8,55,3,17.1,26.9,30.0,0.0
17.8,759.7,74,4,15.0,21.1,20.0,0.0
19.7,766.1,57,7,16.3,21.0,25.0,0.0
22.3,753.5,55,9,16.1,22.5,30.0,24.0
16.5,763.1,94,3,15.1,19.0,10.0,0.0
29.1,756.4,78,1,27.2,31.7,23.0,0.0
3.0,771.9,57,2,0.0,3.9,15.0,0.0
12.8,764.9,68,3,12.7,23.2,16.0,0.0
24.5,749.5,86,5,20.0,28.9,20.0,0.0
26.4,761.7,91,2,19.9,30.4,15.0,1.0
18.9,757.0,62,3,16.2,22.5,28.0,0.0
30.2,752.9,79,3,25.6,30.8,28.0,0.6
10.5,768.1,95,5,6.1,14.8,3.1,7.0
-1.1,774.6,60,3,-2.8,4.3,12.0,0.0
4.4,764.3,36,6,2.7,6.5,30.0,0.0
13.5,756.4,85,5,11.4,15.5,17.0,7.0
-2.9,775.1,78,5,-5.0,0.4,16.0,0.0
16.4,764.5,53,4,12.7,23.9,30.0,0.0
19.4,768.1,58,2,14.8,22.0,30.0,0.0
28.5,756.1,90,3,26.0,29.2,8.0,0.0
7.3,763.2,56,5,-1.3,7.8,9.0,0.0
18.3,761.8,91,2,18.0,21.6,12.0,0.0
4.3,766.0,100,4,3.4,6.2,0.2,3.0
21.0,761.2,27,4,13.8,24.0,30.0,0.0
9.9,760.9,43,2,6.2,19.8,30.0,0.0
18.6,763.4,83,2,18.5,23.6,21.0,0.0
1.2,773.2,57,2,-2.7,2.0,17.0,0.0
7.0,762.6,100,3,6.4,9.0,2.5,0.1
20.8,763.9,73,4,16.3,23.3,30.0,0.0
-2.0,770.5,56,6,-4.1,4.2,30.0,11.0
22.7,764.0,80,2,19.5,25.7,30.0,0.0
6.2,762.9,29,6,2.7,6.5,30.0,0.0
27.7,751.8,54,4,22.7,31.2,7.0,0.0
27.2,757.0,95,2,27.2,31.3,3.0,0.0
11.6,759.1,89,2,11.6,19.3,7.0,0.0
0.0,769.0,86,4,-0.1,4.0,1.4,0.0
26.3,754.5,89,2,24.8,31.7,27.0,9.0
18.1,763.2,96,3,18.0,21.9,5.0,0.0
4.3,770.8,23,4,-2.5,5.5,30.0,0.0
26.2,754.0,92,5,25.1,31.5,6.0,0.0
17.4,764.7,78,1,12.7,20.0,6.0,0.0
31.9,755.5,58,3,24.2,32.8,20.0,0.0
15.5,756.5,71,3,13.0,18.3,30.0,0.0
28.6,757.3,78,2,26.7,31.7,19.0,0.0
25.6,757.0,67,3,20.2,27.6,12.0,0.0
24.2,762.0,80,5,20.3,26.0,30.0,0.0
18.1,768.4,56,1,14.5,22.5,30.0,0.0
26.0,750.9,100,2,22.9,26.1,1.0,0.0
14.2,766.9,55,2,9.2,18.5,16.0,0.0
13.8,761.0,97,4,10.8,14.3,11.0,0.0
12.4,759.9,58,7,11.7,22.8,28.0,0.0
5.1,771.4,65,4,0.9,6.7,10.0,0.0
11.9,758.5,71,0,8.3,18.1,7.0,0.0
26.5,757.6,81,2,24.2,32.8,6.0,0.0
8.1,763.9,84,3,5.9,10.1,6.0,0.0
10.8,764.1,95,3,10.1,18.3,2.2,0.0
29.1,754.3,82,3,24.7,29.2,15.0,0.0
6.2,765.9,46,3,-1.3,6.2,9.0,0.0
14.3,770.2,66,4,6.1,14.8,22.0,0.0
8.8,763.3,100,3,6.6,11.5,3.5,0.0
11.4,756.7,88,4,11.4,20.2,11.0,3.0
14.7,761.8,54,3,11.8,18.6,18.0,0.0
6.7,763.9,75,5,6.7,15.3,2.8,0.0
21.1,753.1,94,4,19.5,22.5,5.0,0.1
12.9,769.1,87,1,12.0,19.1,4.6,0.0
22.6,752.2,88,2,21.3,28.4,30.0,0.0
3.0,768.7,44,4,1.2,8.7,23.0,0.0
23.1,748.3,96,4,23.1,26.9,5.0,6.0
25.8,748.1,90,4,21.6,26.3,10.0,2.0
1.2,770.5,66,2,-3.1,2.8,22.0,0.0
9.9,768.7,65,1,8.9,13.4,9.0,0.0
11.6,764.4,87,3,9.3,17.9,3.3,0.0
2.0,771.4,78,6,-1.4,2.2,9.0,0.0
4.8,763.4,78,4,1.6,6.3,4.1,0.0
25.7,761.5,83,1,25.1,29.9,30.0,0.0
27.1,756.7,88,0,26.5,32.3,18.0,0.2
9.9,765.4,59,3,6.8,15.7,26.0,0.0
19.9,764.3,55,4,15.5,23.9,20.0,0.0
12.7,759.5,85,2,11.9,19.3,12.0,0.0
18.6,760.1,70,11,17.9,29.7,30.0,0.0
-0.5,775.2,62,6,-1.8,4.3,23.0,0.0
30.8,756.0,73,4,27.0,31.3,29.0,0.0
5.4,768.8,100,2,4.7,7.4,1.3,1.0
26.3,760.3,93,2,26.0,31.0,18.0,0.0
26.3,750.4,78,5,22.8,26.3,24.0,5.0
29.4,756.5,75,1,27.0,31.7,5.0,0.0
14.8,768.4,84,1,14.1,20.1,2.9,0.0
4.5,770.4,65,4,0.9,5.8,28.0,0.0
26.2,754.6,95,3,24.7,29.2,7.0,0.0
4.9,765.6,75,8,4.8,13.7,22.0,5.0
10.5,761.5,62,4,7.4,18.2,10.0,0.0
1.1,770.1,82,2,0.4,5.5,1.4,0.0
3.2,772.2,48,4,-2.2,5.0,26.0,0.0
27.3,758.9,72,3,24.5,29.3,30.0,0.0
8.0,765.1,100,1,7.2,11.5,0.4,0.0
6.0,766.5,71,3,4.7,12.2,16.0,0.0
25.2,760.7,78,2,23.5,29.1,30.0,0.0
12.9,767.0,60,5,12.9,20.8,30.0,0.0
22.3,760.5,76,4,20.5,27.7,19.0,0.0
16.0,764.5,54,1,12.8,21.9,17.0,0.0
7.3,768.0,32,2,2.5,8.1,18.0,0.0
29.2,753.4,81,3,25.6,31.7,6.0,0.0
17.0,759.7,92,4,14.9,18.9,12.0,0.0
19.2,760.8,64,2,19.1,28.4,30.0,0.0
18.6,766.6,68,3,18.2,21.0,17.0,0.0
19.9,757.3,72,2,19.4,26.2,12.0,0.0
29.3,753.4,80,3,25.6,31.7,5.0,0.0
10.0,769.8,41,2,-1.7,11.2,8.0,0.0
14.0,769.0,66,6,14.0,21.4,8.0,0.0
19.6,765.7,48,3,13.2,19.9,8.0,0.0
12.3,762.2,38,4,7.4,17.9,30.0,0.0
0.1,775.0,52,4,0.0,5.1,24.0,0.0
20.2,756.3,92,1,20.2,26.4,12.0,0.0
-7.0,780.2,72,8,-7.1,-1.3,20.0,0.0
27.1,753.2,75,3,22.4,27.1,4.2,0.0
6.0,765.4,86,7,5.9,13.7,19.0,5.0
27.2,755.0,92,2,26.2,30.7,7.0,0.0
16.5,763.9,28,3,8.8,17.6,30.0,0.0
2.9,775.1,31,7,-0.4,5.6,28.0,0.0
17.4,758.9,84,4,16.4,19.5,30.0,0.0
30.0,761.9,73,2,26.0,31.0,30.0,0.0
30.1,748.5,85,4,27.3,30.7,3.8,0.0
-1.8,776.4,46,4,-2.5,0.9,23.0,0.0
29.0,753.0,83,2,26.2,30.9,16.0,0.9
23.7,759.3,53,1,19.2,26.9,30.0,0.0
12.8,771.2,51,2,6.7,13.1,30.0,0.0
19.6,756.1,63,4,16.9,24.0,25.0,0.0
0.9,771.8,56,0,-0.5,4.9,30.0,0.0
0.8,774.8,51,3,-0.8,5.4,12.0,0.0
28.8,753.4,90,3,28.4,33.1,15.0,0.0
14.6,758.7,75,3,12.4,17.5,30.0,0.0
13.1,762.5,79,3,8.1,15.0,13.0,0.0
0.1,773.1,63,8,0.1,6.8,18.0,0.0
27.0,754.9,93,2,24.7,27.1,10.0,7.0
18.3,753.9,98,2,16.1,18.8,7.0,24.0
24.7,755.8,66,6,22.1,27.4,30.0,16.0
27.8,748.3,71,4,23.5,32.6,5.0,0.0
4.6,776.1,52,0,4.2,10.5,30.0,0.0
21.3,762.2,55,5,17.0,23.9,5.0,0.0
3.6,770.5,51,2,1.8,8.3,15.0,0.0
19.2,756.2,92,1,17.4,22.1,5.0,91.0
12.5,765.1,93,6,10.9,17.1,3.3,5.0
18.1,757.5,96,2,17.4,23.3,6.0,100.0
1.7,770.2,76,4,-0.3,6.8,2.3,0.0
25.8,750.7,97,4,25.1,29.3,2.9,20.0
4.6,767.5,81,2,4.0,10.9,30.0,0.0
27.2,753.4,87,2,25.0,31.3,21.0,0.0
15.0,765.0,15,4,6.8,18.7,30.0,0.0
25.0,753.3,81,3,21.5,26.2,10.0,0.0
12.3,755.1,100,5,6.6,12.3,3.1,0.7
2.3,768.0,69,2,0.9,4.0,3.1,0.0
27.6,757.4,83,3,26.0,30.8,6.0,0.0
21.5,763.9,51,3,14.8,23.9,28.0,0.0
29.2,756.3,65,2,21.9,31.4,30.0,0.0
18.1,768.1,76,1,17.3,25.2,7.0,0.0
17.4,758.5,51,3,11.8,23.3,16.0,0.0
30.0,761.3,63,2,24.5,30.1,29.0,0.0
-2.9,774.9,77,4,-5.0,0.4,16.0,0.0
12.1,758.4,87,4,11.0,22.6,19.0,0.0
28.4,754.9,92,3,26.4,30.7,8.0,0.0
29.2,752.4,79,4,26.4,31.3,29.0,0.0
2.2,773.8,36,1,-1.7,4.9,24.0,0.0
7.0,757.2,89,5,4.2,8.8,21.0,0.0
20.5,760.9,91,2,20.5,26.1,23.0,0.0
16.3,759.9,95,4,15.1,17.4,4.6,0.0
5.8,777.9,50,1,5.8,12.5,30.0,0.0
15.7,760.9,26,6,7.4,18.2,30.0,0.0
15.0,763.9,69,3,15.0,23.9,14.0,0.0
10.3,762.8,95,1,9.9,18.3,11.0,0.0
1.1,770.1,39,1,-2.1,5.5,20.0,0.0
-3.4,771.1,90,9,-3.4,8.5,3.0,4.0
4.8,766.2,86,2,1.0,7.5,2.4,0.0
1.2,772.9,56,3,-2.8,3.6,15.0,0.0
0.6,775.0,49,2,-2.4,3.6,9.0,0.0
-1.7,771.7,86,7,-1.7,6.2,2.5,1.0
23.1,751.4,90,2,20.2,25.5,4.4,0.0
22.5,753.8,91,3,20.2,25.5,30.0,0.0
8.6,765.9,72,5,5.9,8.7,8.0,0.0
-1.6,775.3,76,3,-1.6,6.8,24.0,0.0
28.7,751.6,70,3,23.0,29.0,30.0,12.0
17.8,759.0,58,3,15.1,18.1,12.0,1.0
23.9,759.5,64,5,23.9,30.1,30.0,0.0
3.6,764.8,74,7,0.6,6.0,30.0,0.0
1.8,767.7,100,3,0.3,5.7,1.3,2.0
16.3,768.3,45,5,12.0,20.6,30.0,0.0
17.4,759.1,48,3,7.3,17.4,28.0,0.0
15.5,767.8,52,0,10.8,18.5,10.0,0.0
32.8,756.7,60,2,27.0,32.9,9.0,0.0
17.6,759.0,76,5,12.8,18.5,10.0,0.3
0.8,773.2,59,5,-4.6,0.8,16.0,0.0
27.9,760.7,66,4,23.5,29.1,30.0,0.0
23.0,756.4,76,2,22.9,26.9,30.0,0.0
24.9,755.5,74,4,19.6,26.5,30.0,0.0
15.2,765.4,44,1,10.5,18.0,30.0,0.0
25.7,752.2,96,4,25.0,29.3,3.1,17.0
3.6,771.2,49,5,2.1,6.1,6.0,0.0
21.2,753.2,95,4,19.5,22.6,5.0,0.9
-4.0,774.9,50,8,-4.1,5.7,30.0,0.9
-0.6,771.9,42,3,-3.2,1.2,30.0,0.0
22.1,765.7,71,2,17.3,25.2,4.7,0.0
29.8,752.8,84,3,26.4,30.7,7.0,0.0
0.7,774.8,55,5,0.7,7.8,30.0,0.0
23.5,755.8,94,3,21.2,28.0,1.6,0.0
10.9,764.2,65,4,7.0,18.3,8.0,0.0
3.9,764.3,100,6,3.9,13.2,4.5,8.0
13.3,757.2,67,4,11.3,13.8,30.0,3.0
2.7,768.7,50,4,-0.2,3.0,10.0,0.0
28.0,754.6,96,2,26.2,30.8,4.5,0.0
5.3,768.7,30,2,1.4,7.3,16.0,0.0
24.2,757.5,78,3,21.9,26.9,19.0,0.0
24.0,757.6,83,2,20.2,26.5,6.0,0.0
26.6,749.6,70,4,20.0,28.9,30.0,0.0
20.9,763.5,83,5,18.0,21.9,18.0,0.0
13.4,754.0,61,2,6.8,13.7,10.0,0.0
24.6,754.6,98,3,23.6,25.3,0.4,31.0
20.8,767.7,55,2,14.8,25.2,29.0,0.0
25.7,751.3,94,4,23.4,31.0,3.0,0.0
25.4,750.5,99,3,22.9,26.0,0.3,0.0
16.3,762.6,73,9,16.3,25.5,30.0,2.0
25.1,755.5,95,0,24.7,30.4,4.4,11.0
22.9,764.5,29,3,13.4,24.5,23.0,0.0
28.0,750.7,94,2,27.2,30.7,6.0,0.0
8.4,767.3,90,3,5.7,11.6,22.0,0.0
-2.2,773.7,57,7,-5.2,-2.1,30.0,0.0
27.9,753.1,91,4,25.5,28.1,9.0,0.0
19.8,760.9,88,3,18.0,21.6,13.0,0.0
16.1,772.2,50,4,10.3,16.8,29.0,0.0
4.3,772.3,32,4,-0.9,5.1,29.0,0.0
15.5,766.1,91,3,14.1,18.5,1.9,0.0
3.8,772.5,82,3,1.9,6.2,9.0,0.0
16.5,761.2,37,2,13.3,22.8,22.0,0.0
22.3,766.2,63,5,19.7,23.8,23.0,0.0
21.0,759.2,61,5,15.0,23.0,16.0,0.0
16.4,767.6,80,5,16.4,21.0,7.0,0.0
21.1,764.9,31,3,12.7,23.9,18.0,0.0
11.8,765.4,84,3,10.1,17.9,2.7,0.0
0.6,775.8,43,5,-2.5,0.9,21.0,0.0
23.7,750.8,93,3,22.9,27.3,20.0,61.0
29.3,748.5,66,3,20.7,29.3,16.0,0.0
22.5,756.6,56,3,19.2,26.2,30.0,0.0
7.1,766.9,62,3,3.6,8.1,3.3,0.0
-0.2,766.0,30,10,-1.0,4.4,30.0,0.0
-6.0,775.1,68,8,-6.0,-1.7,30.0,0.0
17.5,754.7,98,3,16.1,18.8,2.2,19.0
6.5,769.2,39,2,1.3,8.3,28.0,0.0
27.0,754.4,91,4,25.5,28.9,15.0,0.0
17.7,758.0,90,2,17.4,21.9,26.0,0.0
16.8,757.5,44,4,13.8,20.8,19.0,0.0
14.3,763.9,70,3,8.1,15.0,12.0,0.0
18.0,761.8,48,3,13.8,23.9,16.0,0.0
24.2,754.0,93,2,23.6,25.3,12.0,0.1
5.4,772.6,36,3,4.0,13.1,30.0,0.0
3.8,766.6,89,6,3.2,11.9,20.0,5.0
29.4,758.7,73,1,26.7,30.5,11.0,0.0
25.9,759.2,84,3,24.5,29.3,30.0,0.0
-0.7,766.4,45,8,-0.8,4.4,30.0,0.0
-3.8,771.1,91,5,-4.1,8.2,1.9,10.0
16.3,761.7,98,3,14.9,18.9,0.4,0.1
10.2,761.7,69,3,4.7,10.7,16.0,2.0
16.9,763.5,58,6,16.9,22.1,30.0,0.0
3.8,772.5,79,2,1.9,6.2,7.0,0.0
-2.4,776.0,59,3,-4.7,1.0,29.0,0.0
27.6,752.1,88,5,26.9,30.0,8.0,0.4
20.6,768.1,53,2,14.5,22.5,30.0,0.0
3.5,772.0,30,6,-0.9,4.6,30.0,0.0
20.6,764.7,47,4,12.8,21.9,21.0,0.0
8.8,767.1,24,2,3.6,9.1,30.0,0.0
1.1,774.1,54,2,-2.5,4.6,25.0,0.0
22.3,751.7,97,1,21.6,24.3,13.0,5.0
17.9,770.6,64,3,14.2,18.0,20.0,0.0
6.0,766.2,33,7,3.9,7.8,17.0,0.0
25.2,761.2,64,3,19.7,25.4,22.0,0.0
14.6,763.6,85,4,14.6,17.1,6.0,0.0
10.0,769.3,33,7,7.5,11.5,27.0,0.0
8.7,764.1,66,4,5.1,10.5,19.0,0.0
28.5,757.9,72,3,23.7,29.3,12.0,0.0
2.1,770.9,39,5,-0.9,4.6,23.0,0.0
8.8,761.7,56,2,8.3,19.8,30.0,0.0
23.3,756.9,90,2,21.2,28.0,2.1,0.0
14.8,758.8,72,3,11.9,19.3,30.0,0.0
0.3,774.9,53,3,0.0,5.1,25.0,0.0
4.3,777.1,45,3,4.3,10.5,30.0,0.0
27.1,757.9,86,1,24.7,28.6,30.0,0.0
22.9,756.3,96,7,22.9,31.9,1.3,15.0
32.3,753.3,78,4,28.0,33.1,7.0,0.0
11.9,766.4,47,3,5.9,12.1,13.0,0.0
13.0,757.2,86,2,11.4,14.1,16.0,0.0
-2.9,769.2,99,7,-3.5,1.0,1.4,6.0
13.4,754.6,79,5,7.4,17.9,7.0,0.0
-4.5,769.9,86,7,-4.7,-2.3,20.0,2.0
3.0,768.7,54,3,0.5,6.8,9.0,0.0
25.0,749.2,87,5,21.1,26.2,18.0,2.0
19.8,767.6,69,2,18.2,23.8,7.0,0.0
27.6,759.1,85,3,26.5,31.7,27.0,0.0
27.4,756.7,89,2,27.4,32.3,15.0,0.1
17.0,755.5,69,4,15.8,24.6,30.0,0.0
9.8,763.0,100,4,9.4,15.4,5.0,0.0
11.8,762.6,34,3,3.8,13.8,30.0,0.0
3.3,769.3,51,4,-0.1,4.0,3.1,0.0
27.4,756.7,78,0,26.5,31.7,30.0,0.0
4.5,770.2,55,7,1.6,4.6,5.0,0.0
10.0,772.4,43,2,6.8,14.0,25.0,0.0
8.3,762.5,52,1,1.2,8.3,4.6,0.0
10.4,763.3,38,5,9.9,18.1,30.0,0.0
24.6,750.7,83,2,22.9,26.9,15.0,0.0
24.5,761.8,77,1,20.8,28.6,30.0,0.0
0.2,771.1,94,7,0.2,6.4,1.9,1.0
5.1,763.5,66,2,1.8,8.3,3.3,0.0
24.6,752.2,90,3,23.5,30.7,9.0,0.0
30.5,756.7,80,3,27.2,31.1,15.0,0.0
24.3,748.0,92,3,21.1,26.2,5.0,2.0
9.1,755.5,99,2,5.7,9.8,12.0,0.0
19.5,767.3,59,1,16.5,22.8,30.0,0.0
28.0,759.1,71,4,24.5,29.3,30.0,0.0
26.7,753.2,68,4,22.3,27.2,11.0,0.0
29.1,753.2,94,3,28.0,33.1,4.5,0.0
16.5,765.6,72,3,15.1,17.6,30.0,0.0
6.2,763.6,81,3,3.3,10.5,5.0,0.0
20.4,756.1,52,3,16.2,24.5,30.0,0.0
20.8,752.2,95,3,19.5,22.9,16.0,0.0
16.2,756.2,64,4,13.0,17.8,30.0,0.0
1.6,772.3,72,2,-2.2,5.0,15.0,0.0
26.6,752.8,55,1,22.7,31.2,8.0,0.0
31.3,755.3,77,4,27.5,32.3,12.0,0.0
10.8,758.5,88,6,9.4,13.6,19.0,4.0
16.3,763.7,68,4,14.3,20.0,3.3,0.0
29.9,753.2,74,3,26.4,31.3,30.0,0.0
9.0,755.0,95,4,6.8,17.9,4.6,0.0
11.1,769.0,82,6,6.1,14.8,8.0,2.0
8.1,771.1,53,2,7.7,15.7,30.0,0.0
8.3,777.4,33,4,5.7,11.0,30.0,0.0
23.6,760.8,79,5,20.3,24.6,30.0,0.0
6.4,767.2,50,3,3.6,9.1,9.0,0.0
26.5,754.5,88,4,26.3,31.1,22.0,5.0
14.7,766.5,61,2,9.2,18.5,24.0,0.0
22.0,757.1,50,5,11.7,22.0,21.0,0.0
19.4,768.4,59,3,12.6,20.6,18.0,0.0
17.6,767.0,58,3,13.2,20.1,4.5,0.0
23.7,754.6,74,3,21.0,29.2,7.0,0.0
26.5,756.6,86,3,26.5,30.0,4.9,0.0
-1.0,772.0,53,8,-3.1,0.8,30.0,0.2
13.6,770.8,61,4,6.1,13.8,27.0,0.0
1.8,768.6,49,2,-3.0,3.6,21.0,0.0
6.8,770.5,30,6,6.8,13.1,30.0,0.0
5.3,766.9,38,3,1.2,8.7,30.0,0.0
1.4,773.8,35,3,-2.5,2.7,19.0,0.0
4.6,771.4,38,7,2.1,7.3,28.0,0.0
4.7,770.6,83,3,-1.7,11.2,1.9,0.0
20.4,755.2,59,6,16.1,22.5,30.0,6.0
17.5,757.3,90,3,17.4,21.0,10.0,0.0
22.6,766.6,59,5,16.3,22.9,30.0,0.0
25.0,761.3,69,1,20.8,28.6,24.0,0.0
13.6,765.7,30,5,9.4,18.1,30.0,0.0
11.5,769.1,45,4,7.7,15.7,12.0,0.0
16.9,768.7,67,2,14.2,19.0,18.0,0.0
14.2,772.2,64,2,10.3,16.8,22.0,0.0
3.4,769.5,53,1,1.4,8.3,11.0,0.0
16.0,761.6,34,2,8.8,18.3,30.0,0.0
16.8,764.9,69,4,15.2,17.6,30.0,0.0
9.6,767.6,70,4,9.3,15.2,22.0,0.0
21.4,757.1,88,2,20.0,26.4,30.0,0.0
16.9,757.6,89,5,16.8,20.4,29.0,0.0
28.8,756.4,87,1,27.5,32.3,11.0,0.0
5.3,764.5,87,3,1.6,6.3,3.0,0.0
8.5,773.3,54,1,6.0,11.7,19.0,0.0
25.3,754.3,97,4,24.7,26.8,4.5,0.3
28.9,756.6,74,2,26.5,30.8,29.0,0.0
22.2,768.6,48,2,16.5,22.6,30.0,0.0
2.9,768.2,68,5,0.5,6.3,3.1,0.0
20.1,763.4,67,2,15.2,24.9,24.0,0.0
15.8,759.6,63,4,9.9,20.2,30.0,0.0
22.3,754.0,92,4,20.6,25.9,17.0,0.0
29.1,749.0,84,2,26.3,30.7,8.0,0.0
25.7,756.1,87,3,23.7,29.2,21.0,0.0
24.2,756.5,84,2,23.9,30.3,16.0,0.0
10.8,762.7,94,3,9.9,14.5,19.0,0.0
9.4,775.0,44,2,4.2,10.5,28.0,0.0
23.3,761.0,66,3,21.7,29.9,30.0,0.0
17.5,766.8,41,3,9.2,17.6,16.0,0.0
26.0,754.8,94,4,24.7,26.8,7.0,0.0
30.2,748.0,78,3,26.3,30.7,8.0,0.0
12.6,766.6,60,2,9.6,18.5,12.0,0.0
8.8,774.0,41,4,5.0,12.2,24.0,0.0
15.0,764.9,61,5,9.3,16.9,17.0,0.0
4.1,760.6,98,12,4.0,9.8,11.0,0.1
6.8,767.7,74,3,5.9,12.3,10.0,0.0
3.2,767.9,84,3,-0.4,5.5,2.5,0.0
17.5,759.1,84,3,15.8,26.8,10.0,0.0
3.4,771.8,55,6,-3.6,3.4,9.0,0.0
7.2,767.8,78,4,3.9,7.5,3.4,0.0
1.2,768.6,77,2,0.5,6.8,4.1,0.0
21.2,762.2,57,3,13.8,21.2,12.0,0.0
3.6,774.1,61,1,-0.3,3.8,17.0,0.0
1.9,775.3,45,4,-0.9,5.1,22.0,0.0
22.9,751.8,98,3,21.1,26.2,0.1,0.0
23.9,761.9,73,3,20.3,26.1,30.0,0.0
-4.9,773.3,81,9,-5.2,-3.3,17.0,3.0
10.1,768.8,77,4,5.7,12.3,5.0,0.0
7.7,762.5,74,5,5.1,10.0,16.0,0.0
21.4,755.4,61,3,16.9,24.0,16.0,0.0
13.1,760.9,97,3,11.4,14.6,3.8,0.0
18.2,768.2,57,1,12.9,22.0,7.0,0.0
15.4,764.0,78,2,12.8,21.9,9.0,0.0
21.9,746.0,96,5,21.7,26.9,2.2,34.0
20.4,749.4,88,3,20.0,25.2,8.0,47.0
15.3,759.9,82,4,15.0,24.0,22.0,0.0
26.9,753.3,65,4,22.1,32.4,6.0,0.0
28.9,756.7,83,2,27.2,31.0,17.0,0.0
26.4,754.7,97,6,25.6,28.9,5.0,7.0
-3.6,774.9,66,9,-5.2,-2.0,30.0,0.0
1.3,769.4,60,5,1.2,7.8,24.0,0.0
0.7,767.8,81,4,0.5,6.3,2.8,0.0
29.0,754.5,49,3,21.0,29.2,9.0,0.0
17.0,763.9,67,4,13.4,25.3,16.0,0.0
15.9,769.8,76,1,14.8,25.2,14.0,0.0
16.8,763.7,85,1,14.2,20.0,19.0,0.0
27.9,756.4,72,2,22.6,29.3,25.0,0.0
-1.3,774.9,57,6,-6.2,0.5,27.0,0.0
12.1,770.8,39,4,6.8,14.0,30.0,0.0
28.3,756.3,85,2,27.2,31.0,16.0,0.0
8.5,773.4,46,1,5.0,11.7,17.0,0.0
14.2,759.5,98,2,11.6,19.6,4.6,0.0
30.2,760.8,75,3,25.7,30.5,27.0,0.0
11.6,767.8,85,2,8.0,14.8,12.0,8.0
29.5,753.9,72,3,25.8,30.8,30.0,11.0
1.7,770.5,40,4,-0.9,4.6,23.0,0.0
4.5,767.8,97,2,1.0,7.5,1.4,0.0
21.8,756.6,60,1,19.2,26.2,30.0,0.0
5.9,768.6,49,5,0.4,6.7,11.0,0.0
16.9,760.3,71,5,13.5,22.1,28.0,0.0
27.1,747.7,66,4,20.7,32.6,16.0,0.0
18.4,761.5,57,3,15.1,22.5,11.0,0.3
4.8,765.1,69,4,0.3,8.7,16.0,0.0
7.4,773.6,48,3,7.4,12.2,30.0,0.0
26.8,751.3,94,4,24.8,27.4,12.0,0.1
22.8,767.8,64,4,18.2,22.8,8.0,0.0
10.6,760.1,62,7,10.3,22.8,30.0,0.0
24.8,763.0,35,3,17.1,28.7,30.0,0.0
-2.5,774.3,77,3,-2.8,4.9,10.0,0.0
29.7,751.3,84,3,27.4,30.9,7.0,0.0
3.1,765.5,93,3,0.3,5.7,4.6,1.0
29.2,756.9,80,3,26.8,31.6,11.0,0.0
17.7,763.0,91,3,17.1,21.9,4.0,0.0
11.8,764.2,76,2,9.3,17.9,6.0,0.0
-2.8,774.7,63,6,-6.1,0.5,30.0,0.0
16.9,765.8,66,4,15.2,23.3,25.0,0.0
-2.1,774.8,44,5,-2.4,2.7,30.0,0.0
9.0,773.2,44,1,5.0,11.7,22.0,0.0
26.4,760.7,93,2,26.0,31.0,18.0,0.0
4.6,772.2,81,2,1.8,6.2,4.5,0.0
10.9,763.3,84,3,8.1,15.0,28.0,0.0
17.9,758.8,79,3,15.8,26.8,12.0,0.0
29.6,752.5,80,4,26.2,30.5,30.0,0.0
27.8,750.6,89,4,22.9,28.3,11.0,0.0
23.0,750.9,93,3,20.0,28.9,8.0,0.0
0.6,771.2,71,3,0.6,7.7,3.4,0.0
23.2,750.2,90,3,20.0,28.9,5.0,0.0
13.1,768.0,63,3,8.5,13.1,30.0,0.0
1.4,773.3,54,5,1.4,7.5,30.0,0.0
27.7,757.3,84,1,26.5,30.8,12.0,0.0
27.2,755.1,71,4,23.8,29.6,30.0,0.0
25.5,759.1,39,8,16.4,28.7,30.0,0.0
27.9,751.1,96,3,27.1,30.7,2.5,0.0
20.2,760.3,81,5,18.1,27.3,17.0,0.0
18.9,767.2,53,3,12.8,20.9,11.0,0.0
22.3,755.8,89,7,22.1,29.5,15.0,16.0
28.5,760.0,47,4,21.7,28.8,30.0,0.0
-3.4,773.9,74,8,-3.4,0.5,21.0,0.0
6.6,769.3,41,2,3.6,9.7,16.0,0.0
27.6,757.4,85,1,26.7,31.7,19.0,0.0
12.1,764.3,100,3,9.7,13.9,0.7,0.2
21.5,752.6,92,4,19.5,22.6,12.0,0.2
1.5,768.6,77,5,0.4,5.7,10.0,0.0
13.4,760.9,50,2,13.1,22.8,19.0,0.0
20.8,753.4,96,2,19.5,22.9,9.0,0.0
20.8,762.6,65,3,17.0,22.5,2.3,0.3
6.3,766.5,99,3,3.9,7.5,1.7,0.0
6.8,765.0,70,4,3.2,7.9,16.0,0.0
22.8,755.6,90,1,22.3,27.2,4.0,0.0
2.2,766.3,77,5,2.2,4.6,5.0,0.0
24.4,748.6,85,3,20.7,25.4,8.0,0.1
5.6,769.0,41,1,3.2,6.8,7.0,0.0
1.0,773.5,65,5,0.9,7.5,25.0,0.0
4.2,766.5,38,3,0.5,4.4,10.0,0.0
15.1,764.3,62,5,14.3,17.3,20.0,0.0
16.8,770.5,56,4,12.8,17.6,30.0,0.0
8.8,762.2,68,4,7.4,17.9,22.0,0.0
24.1,753.8,80,5,20.2,25.5,30.0,0.0
24.9,757.7,33,2,15.8,24.9,24.0,0.0
19.7,766.8,60,1,18.2,21.0,18.0,0.0
27.7,757.9,87,1,26.8,30.5,10.0,0.0
6.6,761.6,93,3,4.6,8.2,7.0,0.0
1.4,773.8,40,3,-2.5,4.6,30.0,0.0
6.6,777.8,47,3,6.6,12.5,30.0,0.0
11.4,758.2,98,2,11.3,17.0,0.2,0.0
18.7,767.2,61,2,16.5,22.8,30.0,0.0
12.3,758.7,64,4,7.3,17.7,29.0,0.0
4.3,768.4,54,3,0.5,6.8,8.0,0.0
6.0,767.1,90,3,4.0,8.7,3.5,0.0
18.7,767.1,65,2,16.5,22.8,30.0,0.0
7.0,761.5,85,4,5.4,7.9,7.0,2.0
17.3,765.2,26,3,12.8,21.1,30.0,0.0
13.9,767.2,66,4,13.9,20.9,19.0,0.0
13.0,765.1,85,2,13.0,25.3,19.0,0.0
-1.1,777.5,58,7,-1.8,2.4,30.0,0.0
2.9,763.9,52,6,-1.0,5.7,26.0,0.0
27.4,752.4,86,3,23.1,29.3,7.0,0.0
-2.2,773.9,64,2,-3.3,1.6,20.0,0.0
0.4,773.8,49,2,-1.7,4.9,21.0,0.0
-0.1,774.3,73,4,-0.8,5.4,9.0,0.0
14.0,769.9,65,6,6.1,14.8,19.0,0.0
10.4,773.1,59,2,8.1,15.9,13.0,0.0
3.3,766.3,83,6,3.2,10.1,18.0,3.0
10.8,767.6,27,4,3.2,12.0,30.0,0.0
22.5,752.0,99,2,22.1,28.0,2.2,10.0
9.7,772.6,49,5,9.7,18.1,30.0,0.0
28.1,754.5,77,3,24.3,29.3,30.0,0.1
20.7,769.9,44,2,14.5,22.5,22.0,0.0
17.6,755.5,69,4,15.8,24.6,30.0,0.0
26.5,754.6,90,1,25.8,30.4,26.0,4.0
24.0,754.1,89,4,21.1,25.9,2.3,0.0
28.6,752.8,85,2,26.0,30.8,30.0,0.4
25.5,754.9,51,3,20.7,26.9,30.0,0.0
6.6,766.3,73,4,3.2,10.9,17.0,0.0
27.2,751.6,91,3,26.8,30.9,13.0,0.9
15.1,767.5,72,2,13.6,20.1,6.0,0.0
7.3,772.1,66,2,7.2,15.3,30.0,0.0
25.5,763.0,32,2,19.8,27.5,30.0,0.0
6.3,766.4,98,4,3.9,7.5,2.2,0.0
19.3,762.5,66,2,14.2,20.0,9.0,0.0
2.4,773.8,34,5,-2.5,4.6,29.0,0.0
7.2,762.1,92,4,5.1,8.8,6.0,0.1
6.5,768.2,42,2,2.5,8.1,18.0,0.0
16.8,769.0,68,2,14.2,19.0,19.0,0.0
22.4,760.7,72,5,18.1,27.3,30.0,0.0
19.7,757.9,78,2,16.4,21.0,8.0,0.0
17.3,762.1,71,4,15.5,22.1,15.0,0.0
24.5,756.4,65,4,21.2,30.0,18.0,0.0
13.8,757.9,100,7,10.8,14.3,1.4,0.2
20.3,764.1,63,2,14.8,21.9,19.0,0.0
19.5,761.8,49,5,16.4,28.7,30.0,0.0
19.6,766.9,59,2,12.9,22.0,6.0,0.0
-0.3,773.9,74,3,-2.8,4.9,6.0,0.0
1.4,772.9,60,4,-4.6,2.0,14.0,0.0
25.2,751.9,92,4,24.4,29.5,19.0,0.0
25.4,756.7,44,3,19.2,26.2,25.0,0.0
23.5,753.4,98,3,23.0,29.1,6.0,0.0
10.6,764.0,61,2,8.8,17.9,18.0,0.0
7.9,761.3,83,4,4.6,8.2,11.0,0.0
21.3,756.7,90,3,20.2,27.6,14.0,0.0
11.0,767.8,92,5,6.2,14.8,5.0,8.0
29.0,760.2,73,2,25.1,29.3,25.0,0.0
27.4,755.2,88,3,25.2,31.9,20.0,0.0
23.0,762.5,37,3,15.5,24.0,27.0,0.0
13.4,763.3,69,3,12.8,24.5,24.0,0.0
7.9,768.2,31,3,3.2,12.0,27.0,0.0
0.6,769.9,56,5,-3.5,2.0,20.0,0.0
16.2,766.0,58,2,10.2,17.1,24.0,0.2
27.1,756.9,84,1,24.2,32.8,4.9,0.0
2.7,772.5,46,4,-2.8,3.9,16.0,0.0
20.7,760.0,83,4,17.6,21.6,22.0,0.0
7.1,767.1,67,4,3.3,14.7,17.0,0.0
4.6,768.8,38,5,-0.1,4.8,18.0,0.0
23.4,759.4,41,3,15.6,24.6,30.0,0.0
15.7,758.3,96,4,15.1,17.2,6.0,0.0
22.3,754.9,77,4,18.5,29.5,6.0,0.0
11.6,763.0,48,5,9.2,15.4,30.0,0.0
24.1,753.1,95,4,23.6,25.3,4.4,0.0
7.3,760.0,99,3,6.4,13.1,13.0,0.0
16.1,756.4,45,3,13.8,19.6,21.0,0.0
25.0,754.5,77,6,22.9,29.5,30.0,38.0
22.9,753.1,95,2,22.3,25.5,1.3,0.0
20.0,766.9,72,2,18.2,23.8,6.0,0.0
24.2,762.8,86,4,22.1,26.7,19.0,0.0
19.0,760.9,58,2,19.0,28.4,30.0,0.0
1.9,766.1,61,6,1.2,7.4,24.0,0.0
-0.5,775.9,56,4,-3.6,5.1,19.0,0.0
28.6,756.9,86,1,27.5,32.3,17.0,0.0
16.3,763.3,52,2,9.3,17.9,21.0,0.0
23.4,759.5,73,5,23.4,30.8,30.0,0.0
24.3,750.9,85,4,21.3,28.4,30.0,0.0
0.8,774.5,69,1,-3.4,4.3,14.0,0.0
2.4,769.8,100,5,2.0,6.2,2.5,0.3
17.1,758.5,56,4,11.8,23.3,13.0,0.0
12.9,756.7,89,5,11.3,15.0,14.0,0.0
-3.3,769.5,69,6,-4.1,-2.0,18.0,0.1
20.7,762.9,72,1,19.8,26.6,27.0,0.0
28.6,751.3,80,5,23.4,31.0,4.5,0.2
13.9,755.7,61,4,13.8,19.6,30.0,0.0
11.1,767.3,52,5,9.3,15.5,30.0,0.0
2.9,773.2,35,2,-0.4,5.6,23.0,0.0
23.7,748.8,87,3,20.7,32.6,5.0,0.0
2.6,768.2,76,2,-0.4,5.5,2.0,0.0
13.9,765.7,94,7,13.2,19.9,1.1,0.0
-3.9,769.6,81,8,-4.1,-2.0,18.0,0.9
11.5,768.5,58,1,8.9,13.4,12.0,0.0
26.7,755.5,93,2,25.2,31.9,11.0,0.0
-1.2,773.2,66,5,-3.7,2.0,9.0,0.0
7.4,766.6,29,5,1.2,7.7,30.0,0.0
22.3,763.3,54,3,15.2,24.9,30.0,0.0
13.8,758.2,85,4,11.9,14.1,11.0,0.0
21.3,758.4,89,2,21.2,30.0,10.0,0.0
15.5,766.4,54,3,9.2,18.5,25.0,0.0
17.3,772.0,47,3,12.8,17.4,30.0,0.0
24.1,756.9,77,1,20.5,29.6,15.0,0.0
-3.0,771.4,87,7,-3.1,-1.3,10.0,3.0
12.6,759.5,81,1,12.6,17.9,30.0,0.0
15.5,768.9,64,2,11.8,19.2,7.0,0.0
3.2,766.6,99,1,0.3,5.7,2.9,3.0
1.4,769.3,58,1,-3.0,3.2,8.0,0.0
24.1,754.8,65,3,21.0,29.2,14.0,0.0
15.5,768.5,60,1,13.5,22.5,17.0,0.0
3.5,770.6,48,2,1.3,8.3,23.0,0.0
-0.9,775.0,47,5,-0.9,3.4,30.0,0.0
14.6,769.4,38,2,9.3,18.0,26.0,0.0
23.8,750.0,96,3,22.1,25.3,3.2,2.0
22.1,761.3,80,2,19.7,25.4,15.0,0.0
-2.4,769.3,98,8,-3.5,1.0,2.3,3.0
23.1,752.1,96,2,21.1,26.2,1.7,0.0
-0.4,772.4,54,7,-0.4,4.6,25.0,0.0
13.0,755.3,100,5,6.6,13.1,3.3,3.0
17.0,766.1,43,6,15.8,20.8,30.0,0.0
4.4,770.7,46,2,1.3,8.3,22.0,0.0
0.4,772.3,28,4,-3.2,2.8,30.0,0.0
21.6,754.1,93,2,21.1,25.9,5.0,0.0
6.9,766.5,59,8,6.6,15.3,18.0,0.0
18.2,757.2,78,4,16.9,22.3,24.0,0.0
14.7,758.4,97,3,11.6,14.7,4.9,0.0
23.2,751.6,80,2,22.7,28.5,4.6,0.0
2.6,769.0,50,6,2.6,7.8,20.0,0.0
26.2,755.2,97,3,25.2,29.2,5.0,0.0
-3.6,774.6,61,8,-5.2,-3.3,30.0,0.0
25.2,754.3,92,1,25.0,29.3,11.0,0.0
13.0,759.5,50,5,10.2,13.6,25.0,2.0
6.1,763.9,51,2,-0.5,6.2,5.0,0.0
24.4,761.1,67,2,19.3,27.5,8.0,0.0
17.6,759.1,78,2,11.6,17.6,7.0,0.0
5.1,764.1,39,5,-0.1,5.7,30.0,0.0
-8.3,780.7,58,10,-8.5,-6.0,30.0,0.8
4.2,767.0,91,1,1.0,7.5,2.0,0.0
0.3,772.7,69,9,-2.0,4.6,14.0,0.0
29.4,754.8,77,4,25.8,31.1,30.0,12.0
17.0,761.2,88,4,15.1,18.5,29.0,0.0
20.9,766.2,57,1,18.2,22.7,30.0,0.0
25.2,751.6,83,4,21.1,28.0,1.8,0.0
12.9,757.8,67,4,11.0,15.3,7.0,0.0
24.4,747.9,85,4,23.5,32.1,1.3,3.0
-2.5,775.3,77,4,-5.0,0.4,17.0,0.0
3.0,770.5,94,3,0.9,5.8,29.0,0.0
22.6,750.2,97,1,20.8,25.4,12.0,2.0
9.8,772.6,37,2,5.0,11.7,25.0,0.0
-0.3,773.6,45,6,-6.2,-0.3,30.0,0.0
10.3,770.5,44,5,10.3,16.3,30.0,0.0
25.1,764.4,59,3,19.5,26.6,30.0,0.0
19.2,757.9,65,4,15.8,26.8,24.0,0.0
28.2,754.2,85,4,24.7,29.2,13.0,0.0
21.9,752.5,88,2,20.6,25.9,28.0,0.0
13.3,755.9,77,4,11.7,18.3,30.0,0.0
1.7,770.3,61,3,1.6,9.6,30.0,0.0
30.8,752.0,39,3,22.4,31.2,20.0,0.0
6.8,767.8,98,2,5.7,11.6,13.0,0.0
27.9,754.1,93,1,26.5,32.4,4.8,0.0
13.0,758.2,32,3,7.1,18.2,26.0,0.0
10.2,765.6,96,2,10.1,25.3,1.3,0.0
2.1,774.7,32,2,-4.0,3.1,25.0,0.0
16.0,762.9,97,2,15.5,19.0,0.4,0.0
19.9,753.0,99,4,19.0,22.5,2.1,0.0
21.8,761.8,49,5,13.8,23.2,19.0,0.0
-2.2,769.6,80,10,-2.3,9.3,3.6,0.5
-0.4,772.4,86,3,-0.4,4.6,6.0,0.0
-2.9,771.7,74,5,-3.1,-1.3,14.0,2.0
19.0,758.5,79,5,18.9,26.7,30.0,0.0
1.2,770.2,69,1,-3.1,2.8,7.0,0.0
14.8,758.9,75,3,11.8,23.3,11.0,0.0
17.7,762.9,59,7,17.7,22.9,30.0,0.0
17.3,758.6,91,4,16.8,20.4,18.0,0.0
29.1,751.6,80,3,23.4,29.1,2.6,2.0
11.7,772.7,62,4,6.1,12.2,22.0,0.0
4.5,765.5,100,3,3.4,6.2,0.5,7.0
3.0,769.6,54,4,3.0,12.6,30.0,0.0
22.5,759.7,76,3,22.5,30.8,30.0,0.0
25.2,762.6,82,3,22.1,26.7,21.0,0.0
27.0,755.8,90,2,25.2,31.9,20.0,0.0
20.2,764.9,63,3,15.9,22.0,16.0,0.0
26.9,758.9,44,4,23.7,28.3,30.0,0.0
-0.6,773.5,69,2,-3.1,2.6,14.0,0.0
-2.6,776.6,63,8,-3.9,0.5,23.0,0.0
11.9,756.8,93,5,11.4,20.2,9.0,11.0
26.9,752.7,86,3,23.1,29.3,7.0,0.0
27.9,754.6,97,2,26.2,30.8,4.3,0.0
26.7,760.3,63,2,21.7,29.9,30.0,0.0
8.9,765.2,67,5,3.6,10.3,20.0,0.0
27.0,760.2,93,3,25.7,31.0,15.0,0.0
20.4,761.4,91,2,20.3,26.1,24.0,0.0
16.0,759.0,98,3,15.0,17.2,0.2,0.0
17.8,764.8,54,3,10.1,22.6,30.0,0.0
14.1,763.3,92,7,14.1,20.9,12.0,3.0
23.9,758.6,51,4,19.8,26.2,13.0,0.0
15.3,760.2,96,4,14.9,19.5,1.6,0.0
10.8,773.0,29,1,4.2,11.0,30.0,0.0
21.3,760.9,76,2,16.5,21.9,10.0,7.0
27.9,757.1,76,4,26.5,31.4,30.0,0.1
17.8,768.5,43,4,12.0,20.8,30.0,0.0
26.2,761.4,93,3,19.9,30.4,9.0,1.0
32.1,747.5,50,4,20.7,32.6,22.0,0.0
30.8,757.3,70,3,26.0,30.8,9.0,0.0
16.7,767.2,79,1,14.8,21.5,24.0,0.0
10.1,767.3,77,5,9.7,13.5,13.0,0.0
16.8,758.3,74,3,11.6,19.6,9.0,0.0
25.2,751.6,95,3,23.4,25.4,3.6,2.0
17.2,757.0,96,3,15.0,18.0,1.2,0.0
14.0,765.4,59,4,9.2,15.7,21.0,0.0
21.3,766.9,68,3,18.2,23.8,8.0,0.0
20.8,749.3,98,3,20.8,25.2,2.1,70.0
31.0,752.5,88,4,28.0,33.1,2.8,0.0
4.8,771.1,33,3,1.4,4.9,16.0,0.0
-3.1,776.2,60,4,-3.1,6.3,30.0,0.0
12.1,762.5,98,4,9.7,13.0,26.0,0.0
14.1,759.3,92,3,12.7,15.2,2.6,0.3
18.8,756.7,63,4,16.9,24.6,30.0,0.0
12.9,759.4,84,5,11.7,17.5,8.0,0.0
12.0,758.1,40,3,8.9,18.1,17.0,0.0
26.6,754.7,92,1,25.2,31.9,12.0,0.0
26.1,760.2,58,4,20.5,27.7,26.0,0.0
27.7,751.0,95,4,27.1,30.7,2.9,0.0
16.5,762.2,73,5,13.8,18.5,9.0,0.0
22.3,753.1,99,2,21.8,28.0,0.4,2.0
8.4,764.2,56,1,6.1,13.8,17.0,0.0
13.0,762.7,31,5,7.4,17.9,30.0,0.0
30.3,752.0,83,5,27.1,30.7,8.0,0.0
0.1,770.4,55,3,-3.2,1.2,30.0,0.0
13.0,759.8,95,3,11.4,14.6,12.0,0.0
30.2,755.5,82,4,27.5,32.3,16.0,0.0
14.0,765.0,68,2,13.4,25.3,30.0,0.0
22.7,761.8,29,3,13.8,23.9,29.0,0.0
20.1,752.8,98,4,19.0,22.5,0.3,0.3
12.6,759.1,75,3,11.0,13.8,23.0,0.0
2.1,769.2,100,4,2.0,6.2,0.7,0.3
11.2,772.6,34,5,7.8,15.7,30.0,0.0
11.9,759.3,90,2,11.9,17.9,13.0,0.0
8.4,762.7,88,6,8.4,18.3,6.0,0.8
16.1,763.6,97,2,15.1,21.0,7.0,0.1
27.0,756.2,66,3,21.2,27.1,8.0,0.0
24.1,757.5,89,1,22.6,29.3,6.0,0.0
8.6,764.1,82,3,5.9,10.1,7.0,0.0
18.9,756.1,96,3,17.6,22.1,6.0,0.0
14.6,767.5,61,2,10.9,19.2,8.0,0.0
24.7,761.8,91,5,24.6,29.9,4.7,0.0
16.1,768.2,79,3,16.1,25.2,11.0,0.0
22.1,764.5,56,4,16.3,23.3,30.0,0.0
30.4,751.2,84,5,27.1,30.7,6.0,0.0
15.8,770.7,68,2,14.2,17.6,27.0,0.0
11.2,763.5,79,3,6.6,11.3,30.0,0.0
4.1,771.1,68,4,2.1,7.0,4.9,0.0
20.7,762.0,48,7,15.0,21.1,19.0,0.0
2.7,768.9,45,2,-3.0,3.2,10.0,0.0
25.9,754.9,95,3,25.8,31.1,2.8,12.0
14.6,763.7,79,3,10.1,18.3,30.0,0.0
17.3,763.8,71,4,17.0,23.9,7.0,0.0
1.0,768.1,79,3,0.9,4.0,2.1,0.0
12.4,757.3,71,4,11.3,13.8,30.0,3.0
3.1,763.9,25,7,-1.0,3.6,30.0,0.0
23.6,748.0,97,1,22.1,25.2,1.2,25.0
-2.5,773.8,78,6,-2.5,2.6,18.0,0.0
15.5,756.7,34,7,8.9,17.9,13.0,0.0
14.6,761.0,83,4,12.4,15.3,30.0,0.0
20.3,756.8,97,6,17.3,23.3,2.3,60.0
-5.3,775.2,66,8,-5.3,0.3,30.0,0.0
17.6,759.9,96,2,17.6,21.6,6.0,0.0
13.9,766.6,60,3,13.9,20.8,30.0,0.0
7.3,762.9,99,3,6.4,9.8,5.0,0.0
16.8,766.7,77,5,16.8,21.0,5.0,0.0
9.8,758.9,55,1,7.1,18.2,16.0,0.0
5.5,769.0,100,2,5.1,7.7,2.1,0.4
16.7,765.8,86,2,14.1,18.5,3.6,0.0
-1.7,770.9,65,2,-3.7,3.4,11.0,0.0
20.5,766.6,59,4,12.9,20.7,3.8,0.0
30.4,756.9,75,3,27.0,31.7,26.0,0.0
9.0,756.3,100,1,6.3,9.8,5.0,0.0
8.6,754.8,87,4,6.0,8.8,11.0,0.0
13.6,767.4,82,1,12.6,20.6,5.0,0.0
15.5,763.3,98,2,15.1,21.0,0.2,0.0
12.5,773.2,45,1,7.9,15.9,18.0,0.0
5.3,767.7,48,3,-0.1,6.9,27.0,0.0
17.8,764.7,23,5,9.4,18.1,30.0,0.0
20.5,765.0,43,8,15.7,22.1,30.0,0.0
5.1,771.1,53,3,2.2,5.3,7.0,0.0
17.6,762.7,91,2,17.1,21.9,5.0,0.0
25.0,761.7,86,1,25.0,29.9,30.0,0.0
5.8,763.3,64,4,1.6,6.3,4.9,0.0
26.0,751.8,98,4,24.8,27.4,7.0,0.0
14.9,759.7,82,3,9.9,20.2,25.0,0.0
1.5,770.8,42,1,0.4,6.7,30.0,0.0
29.7,754.0,91,2,28.0,33.1,8.0,0.0
6.6,775.8,45,2,4.2,10.5,22.0,0.0
